theme,surface,context,pair,before_rgb_a,before_rgb_b,before_delta,after_rgb_a,after_rgb_b,after_delta,signature_a,signature_b,theme_exception
Veil,memory,fill,normal / over,"[190.0, 55.0, 145.0]","[230.0, 115.0, 77.0]",38.01032130810041,"[184.0, 61.0, 122.0]","[230.0, 115.0, 77.0]",28.723399787147187,meter; warning absent,meter + AlertTriangle,False
Veil,delete,ready/rest,unarmed / armed,"[193.0, 176.0, 139.0]","[210.0, 45.0, 45.0]",20.7886546263062,"[193.0, 176.0, 139.0]","[230.0, 26.0, 26.0]",20.269432220667266,Trash2,AlertTriangle,False
Veil,delete,ready/hover,unarmed / armed,"[193.0, 176.0, 139.0]","[210.0, 45.0, 45.0]",20.7886546263062,"[193.0, 176.0, 139.0]","[230.0, 26.0, 26.0]",20.269432220667266,Trash2,AlertTriangle,False
Veil,delete,ready/focus,unarmed / armed,"[193.0, 176.0, 139.0]","[210.0, 45.0, 45.0]",20.7886546263062,"[193.0, 176.0, 139.0]","[230.0, 26.0, 26.0]",20.269432220667266,Trash2,AlertTriangle,False
Veil,delete,ready-exceeds/rest,unarmed / armed,"[73.4, 70.04999999999998, 62.3]","[79.35, 24.200000000000003, 29.4]",9.472325116183848,"[73.4, 70.04999999999998, 62.3]","[86.35, 17.549999999999997, 22.749999999999996]",11.363801913756301,Trash2,AlertTriangle,True
Veil,delete,ready-exceeds/hover,unarmed / armed,"[73.4, 70.04999999999998, 62.3]","[79.35, 24.200000000000003, 29.4]",9.472325116183848,"[73.4, 70.04999999999998, 62.3]","[86.35, 17.549999999999997, 22.749999999999996]",11.363801913756301,Trash2,AlertTriangle,True
Veil,delete,ready-exceeds/focus,unarmed / armed,"[73.4, 70.04999999999998, 62.3]","[79.35, 24.200000000000003, 29.4]",9.472325116183848,"[73.4, 70.04999999999998, 62.3]","[86.35, 17.549999999999997, 22.749999999999996]",11.363801913756301,Trash2,AlertTriangle,True
Veil,key,required/rest,optional-absent / required-missing,"[83.0, 77.99999999999999, 65.0]","[230.0, 115.0, 77.0]",35.32641947265435,"[83.0, 77.99999999999999, 65.0]","[230.0, 115.0, 77.0]",35.32641947265435,Circle,AlertTriangle,False
Veil,key,required/rest,optional-absent / present,"[83.0, 77.99999999999999, 65.0]","[193.0, 176.0, 139.0]",39.17868274037289,"[83.0, 77.99999999999999, 65.0]","[217.0, 194.0, 140.0]",44.44227485040316,Circle,CircleDot,False
Veil,key,required/rest,optional-absent / verified,"[83.0, 77.99999999999999, 65.0]","[190.0, 55.0, 145.0]",24.080327065868705,"[83.0, 77.99999999999999, 65.0]","[184.0, 61.0, 122.0]",16.55911476900593,Circle,CircleCheck,False
Veil,key,required/rest,required-missing / present,"[230.0, 115.0, 77.0]","[193.0, 176.0, 139.0]",11.369895172576742,"[230.0, 115.0, 77.0]","[217.0, 194.0, 140.0]",12.625367527145112,AlertTriangle,CircleDot,True
Veil,key,required/rest,required-missing / verified,"[230.0, 115.0, 77.0]","[190.0, 55.0, 145.0]",38.01032130810041,"[230.0, 115.0, 77.0]","[184.0, 61.0, 122.0]",28.723399787147187,AlertTriangle,CircleCheck,False
Veil,key,required/rest,present / verified,"[193.0, 176.0, 139.0]","[190.0, 55.0, 145.0]",33.66519101188637,"[217.0, 194.0, 140.0]","[184.0, 61.0, 122.0]",32.92367295663865,CircleDot,CircleCheck,False
Veil,key,required/hover,optional-absent / required-missing,"[153.0, 138.0, 102.0]","[230.0, 115.0, 77.0]",10.788190001028617,"[153.0, 138.0, 102.0]","[230.0, 115.0, 77.0]",10.788190001028617,Circle,AlertTriangle,True
Veil,key,required/hover,optional-absent / present,"[153.0, 138.0, 102.0]","[193.0, 176.0, 139.0]",11.79518203292837,"[153.0, 138.0, 102.0]","[217.0, 194.0, 140.0]",17.246844349307967,Circle,CircleDot,False
Veil,key,required/hover,optional-absent / verified,"[153.0, 138.0, 102.0]","[190.0, 55.0, 145.0]",28.41341448304917,"[153.0, 138.0, 102.0]","[184.0, 61.0, 122.0]",19.245223644631082,Circle,CircleCheck,False
Veil,key,required/hover,required-missing / present,"[230.0, 115.0, 77.0]","[193.0, 176.0, 139.0]",11.369895172576742,"[230.0, 115.0, 77.0]","[217.0, 194.0, 140.0]",12.625367527145112,AlertTriangle,CircleDot,True
Veil,key,required/hover,required-missing / verified,"[230.0, 115.0, 77.0]","[190.0, 55.0, 145.0]",38.01032130810041,"[230.0, 115.0, 77.0]","[184.0, 61.0, 122.0]",28.723399787147187,AlertTriangle,CircleCheck,False
Veil,key,required/hover,present / verified,"[193.0, 176.0, 139.0]","[190.0, 55.0, 145.0]",33.66519101188637,"[217.0, 194.0, 140.0]","[184.0, 61.0, 122.0]",32.92367295663865,CircleDot,CircleCheck,False
Veil,key,required/focus,optional-absent / required-missing,"[153.0, 138.0, 102.0]","[230.0, 115.0, 77.0]",10.788190001028617,"[153.0, 138.0, 102.0]","[230.0, 115.0, 77.0]",10.788190001028617,Circle,AlertTriangle,True
Veil,key,required/focus,optional-absent / present,"[153.0, 138.0, 102.0]","[193.0, 176.0, 139.0]",11.79518203292837,"[153.0, 138.0, 102.0]","[217.0, 194.0, 140.0]",17.246844349307967,Circle,CircleDot,False
Veil,key,required/focus,optional-absent / verified,"[153.0, 138.0, 102.0]","[190.0, 55.0, 145.0]",28.41341448304917,"[153.0, 138.0, 102.0]","[184.0, 61.0, 122.0]",19.245223644631082,Circle,CircleCheck,False
Veil,key,required/focus,required-missing / present,"[230.0, 115.0, 77.0]","[193.0, 176.0, 139.0]",11.369895172576742,"[230.0, 115.0, 77.0]","[217.0, 194.0, 140.0]",12.625367527145112,AlertTriangle,CircleDot,True
Veil,key,required/focus,required-missing / verified,"[230.0, 115.0, 77.0]","[190.0, 55.0, 145.0]",38.01032130810041,"[230.0, 115.0, 77.0]","[184.0, 61.0, 122.0]",28.723399787147187,AlertTriangle,CircleCheck,False
Veil,key,required/focus,present / verified,"[193.0, 176.0, 139.0]","[190.0, 55.0, 145.0]",33.66519101188637,"[217.0, 194.0, 140.0]","[184.0, 61.0, 122.0]",32.92367295663865,CircleDot,CircleCheck,False
Veil,key,optional/rest,optional-absent / required-missing,"[83.0, 77.99999999999999, 65.0]","[230.0, 115.0, 77.0]",35.32641947265435,"[83.0, 77.99999999999999, 65.0]","[230.0, 115.0, 77.0]",35.32641947265435,Circle,AlertTriangle,False
Veil,key,optional/rest,optional-absent / present,"[83.0, 77.99999999999999, 65.0]","[103.0, 97.0, 83.49999999999999]",6.8535450402750975,"[83.0, 77.99999999999999, 65.0]","[115.0, 105.99999999999999, 84.00000000000001]",11.0036325768702,Circle,CircleDot,True
Veil,key,optional/rest,optional-absent / verified,"[83.0, 77.99999999999999, 65.0]","[101.50000000000001, 36.5, 86.5]",18.869351054009442,"[83.0, 77.99999999999999, 65.0]","[98.5, 39.5, 75.0]",14.03379245029407,Circle,CircleCheck,True
Veil,key,optional/rest,required-missing / present,"[230.0, 115.0, 77.0]","[103.0, 97.0, 83.49999999999999]",27.946188809201416,"[230.0, 115.0, 77.0]","[115.0, 105.99999999999999, 84.00000000000001]",22.681237798763124,AlertTriangle,CircleDot,False
Veil,key,optional/rest,required-missing / verified,"[230.0, 115.0, 77.0]","[101.50000000000001, 36.5, 86.5]",49.93881846325156,"[230.0, 115.0, 77.0]","[98.5, 39.5, 75.0]",46.419939262399375,AlertTriangle,CircleCheck,False
Veil,key,optional/rest,present / verified,"[103.0, 97.0, 83.49999999999999]","[101.50000000000001, 36.5, 86.5]",21.642337722733657,"[115.0, 105.99999999999999, 84.00000000000001]","[98.5, 39.5, 75.0]",22.6690048046549,CircleDot,CircleCheck,False
Veil,key,optional/hover,optional-absent / required-missing,"[153.0, 138.0, 102.0]","[230.0, 115.0, 77.0]",10.788190001028617,"[153.0, 138.0, 102.0]","[230.0, 115.0, 77.0]",10.788190001028617,Circle,AlertTriangle,True
Veil,key,optional/hover,optional-absent / present,"[153.0, 138.0, 102.0]","[193.0, 176.0, 139.0]",11.79518203292837,"[153.0, 138.0, 102.0]","[217.0, 194.0, 140.0]",17.246844349307967,Circle,CircleDot,False
Veil,key,optional/hover,optional-absent / verified,"[153.0, 138.0, 102.0]","[190.0, 55.0, 145.0]",28.41341448304917,"[153.0, 138.0, 102.0]","[184.0, 61.0, 122.0]",19.245223644631082,Circle,CircleCheck,False
Veil,key,optional/hover,required-missing / present,"[230.0, 115.0, 77.0]","[193.0, 176.0, 139.0]",11.369895172576742,"[230.0, 115.0, 77.0]","[217.0, 194.0, 140.0]",12.625367527145112,AlertTriangle,CircleDot,True
Veil,key,optional/hover,required-missing / verified,"[230.0, 115.0, 77.0]","[190.0, 55.0, 145.0]",38.01032130810041,"[230.0, 115.0, 77.0]","[184.0, 61.0, 122.0]",28.723399787147187,AlertTriangle,CircleCheck,False
Veil,key,optional/hover,present / verified,"[193.0, 176.0, 139.0]","[190.0, 55.0, 145.0]",33.66519101188637,"[217.0, 194.0, 140.0]","[184.0, 61.0, 122.0]",32.92367295663865,CircleDot,CircleCheck,False
Veil,key,optional/focus,optional-absent / required-missing,"[153.0, 138.0, 102.0]","[230.0, 115.0, 77.0]",10.788190001028617,"[153.0, 138.0, 102.0]","[230.0, 115.0, 77.0]",10.788190001028617,Circle,AlertTriangle,True
Veil,key,optional/focus,optional-absent / present,"[153.0, 138.0, 102.0]","[193.0, 176.0, 139.0]",11.79518203292837,"[153.0, 138.0, 102.0]","[217.0, 194.0, 140.0]",17.246844349307967,Circle,CircleDot,False
Veil,key,optional/focus,optional-absent / verified,"[153.0, 138.0, 102.0]","[190.0, 55.0, 145.0]",28.41341448304917,"[153.0, 138.0, 102.0]","[184.0, 61.0, 122.0]",19.245223644631082,Circle,CircleCheck,False
Veil,key,optional/focus,required-missing / present,"[230.0, 115.0, 77.0]","[193.0, 176.0, 139.0]",11.369895172576742,"[230.0, 115.0, 77.0]","[217.0, 194.0, 140.0]",12.625367527145112,AlertTriangle,CircleDot,True
Veil,key,optional/focus,required-missing / verified,"[230.0, 115.0, 77.0]","[190.0, 55.0, 145.0]",38.01032130810041,"[230.0, 115.0, 77.0]","[184.0, 61.0, 122.0]",28.723399787147187,AlertTriangle,CircleCheck,False
Veil,key,optional/focus,present / verified,"[193.0, 176.0, 139.0]","[190.0, 55.0, 145.0]",33.66519101188637,"[217.0, 194.0, 140.0]","[184.0, 61.0, 122.0]",32.92367295663865,CircleDot,CircleCheck,False
Veil,map,canvas-sea/fill,rest / current,"[230.0, 115.0, 77.0]","[214.0, 92.0, 173.0]",36.37691900206665,"[230.0, 115.0, 77.0]","[204.0, 51.0, 127.0]",25.015125520132646,filled circle; no ring,filled circle + circular ring,False
Veil,map,canvas-sea/fill,rest / selected,"[230.0, 115.0, 77.0]","[190.0, 55.0, 145.0]",38.01032130810041,"[230.0, 115.0, 77.0]","[217.0, 140.0, 178.0]",27.795249199882708,filled circle; no ring,filled square + square ring,False
Veil,map,canvas-sea/fill,rest / hovered,"[230.0, 115.0, 77.0]","[214.0, 92.0, 173.0]",36.37691900206665,"[230.0, 115.0, 77.0]","[122.0, 31.0, 76.0]",40.385278014426326,filled circle; no ring,filled diamond + diamond ring,False
Veil,map,canvas-sea/fill,current / selected,"[214.0, 92.0, 173.0]","[190.0, 55.0, 145.0]",9.495138846748574,"[204.0, 51.0, 127.0]","[217.0, 140.0, 178.0]",15.417580833650044,filled circle + circular ring,filled square + square ring,False
Veil,map,canvas-sea/fill,current / hovered,"[214.0, 92.0, 173.0]","[214.0, 92.0, 173.0]",0,"[204.0, 51.0, 127.0]","[122.0, 31.0, 76.0]",18.766116556889088,filled circle + circular ring,filled diamond + diamond ring,False
Veil,map,canvas-sea/fill,selected / hovered,"[190.0, 55.0, 145.0]","[214.0, 92.0, 173.0]",9.495138846748574,"[217.0, 140.0, 178.0]","[122.0, 31.0, 76.0]",37.93922042975105,filled square + square ring,filled diamond + diamond ring,False
Veil,map,canvas-sea/ring,rest / current,"[230.0, 115.0, 77.0]","[131.6, 59.599999999999994, 111.0]",43.24971101516923,"[230.0, 115.0, 77.0]","[125.6, 34.99999999999999, 83.4]",41.28548906356967,filled circle; no ring,filled circle + circular ring,False
Veil,map,canvas-sea/ring,rest / selected,"[230.0, 115.0, 77.0]","[117.20000000000002, 37.4, 94.19999999999999]",47.534018134979014,"[230.0, 115.0, 77.0]","[133.39999999999998, 88.4, 113.99999999999999]",34.21112254303657,filled circle; no ring,filled square + square ring,False
Veil,map,canvas-sea/ring,rest / hovered,"[230.0, 115.0, 77.0]","[131.6, 59.599999999999994, 111.0]",43.24971101516923,"[230.0, 115.0, 77.0]","[76.4, 23.0, 52.8]",49.10120249360406,filled circle; no ring,filled diamond + diamond ring,False
Veil,map,canvas-sea/ring,current / selected,"[131.6, 59.599999999999994, 111.0]","[117.20000000000002, 37.4, 94.19999999999999]",5.583226856669917,"[125.6, 34.99999999999999, 83.4]","[133.39999999999998, 88.4, 113.99999999999999]",10.216628999493304,filled circle + circular ring,filled square + square ring,True
Veil,map,canvas-sea/ring,current / hovered,"[131.6, 59.599999999999994, 111.0]","[131.6, 59.599999999999994, 111.0]",0,"[125.6, 34.99999999999999, 83.4]","[76.4, 23.0, 52.8]",9.897315738632694,filled circle + circular ring,filled diamond + diamond ring,True
Veil,map,canvas-sea/ring,selected / hovered,"[117.20000000000002, 37.4, 94.19999999999999]","[131.6, 59.599999999999994, 111.0]",5.583226856669917,"[133.39999999999998, 88.4, 113.99999999999999]","[76.4, 23.0, 52.8]",19.876505691473813,filled square + square ring,filled diamond + diamond ring,False
Veil,map,canvas-land/fill,rest / current,"[230.0, 115.0, 77.0]","[214.0, 92.0, 173.0]",36.37691900206665,"[230.0, 115.0, 77.0]","[204.0, 51.0, 127.0]",25.015125520132646,filled circle; no ring,filled circle + circular ring,False
Veil,map,canvas-land/fill,rest / selected,"[230.0, 115.0, 77.0]","[190.0, 55.0, 145.0]",38.01032130810041,"[230.0, 115.0, 77.0]","[217.0, 140.0, 178.0]",27.795249199882708,filled circle; no ring,filled square + square ring,False
Veil,map,canvas-land/fill,rest / hovered,"[230.0, 115.0, 77.0]","[214.0, 92.0, 173.0]",36.37691900206665,"[230.0, 115.0, 77.0]","[122.0, 31.0, 76.0]",40.385278014426326,filled circle; no ring,filled diamond + diamond ring,False
Veil,map,canvas-land/fill,current / selected,"[214.0, 92.0, 173.0]","[190.0, 55.0, 145.0]",9.495138846748574,"[204.0, 51.0, 127.0]","[217.0, 140.0, 178.0]",15.417580833650044,filled circle + circular ring,filled square + square ring,False
Veil,map,canvas-land/fill,current / hovered,"[214.0, 92.0, 173.0]","[214.0, 92.0, 173.0]",0,"[204.0, 51.0, 127.0]","[122.0, 31.0, 76.0]",18.766116556889088,filled circle + circular ring,filled diamond + diamond ring,False
Veil,map,canvas-land/fill,selected / hovered,"[190.0, 55.0, 145.0]","[214.0, 92.0, 173.0]",9.495138846748574,"[217.0, 140.0, 178.0]","[122.0, 31.0, 76.0]",37.93922042975105,filled square + square ring,filled diamond + diamond ring,False
Veil,map,canvas-land/ring,rest / current,"[230.0, 115.0, 77.0]","[143.11248, 62.43792, 119.06736]",41.643642329484074,"[230.0, 115.0, 77.0]","[136.746402, 38.216799, 90.005598]",38.86089597492049,filled circle; no ring,filled circle + circular ring,False
Veil,map,canvas-land/ring,rest / selected,"[230.0, 115.0, 77.0]","[128.71248, 40.23792, 102.26735999999998]",45.883848054723664,"[230.0, 115.0, 77.0]","[144.54640199999997, 91.616799, 120.60559799999999]",32.68098768310964,filled circle; no ring,filled square + square ring,False
Veil,map,canvas-land/ring,rest / hovered,"[230.0, 115.0, 77.0]","[143.11248, 62.43792, 119.06736]",41.643642329484074,"[230.0, 115.0, 77.0]","[87.546402, 26.216798999999998, 59.405598]",47.21241275722125,filled circle; no ring,filled diamond + diamond ring,False
Veil,map,canvas-land/ring,current / selected,"[143.11248, 62.43792, 119.06736]","[128.71248, 40.23792, 102.26735999999998]",5.649493996329814,"[136.746402, 38.216799, 90.005598]","[144.54640199999997, 91.616799, 120.60559799999999]",10.323832138452168,filled circle + circular ring,filled square + square ring,True
Veil,map,canvas-land/ring,current / hovered,"[143.11248, 62.43792, 119.06736]","[143.11248, 62.43792, 119.06736]",0,"[136.746402, 38.216799, 90.005598]","[87.546402, 26.216798999999998, 59.405598]",10.087199887299507,filled circle + circular ring,filled diamond + diamond ring,True
Veil,map,canvas-land/ring,selected / hovered,"[128.71248, 40.23792, 102.26735999999998]","[143.11248, 62.43792, 119.06736]",5.649493996329814,"[144.54640199999997, 91.616799, 120.60559799999999]","[87.546402, 26.216798999999998, 59.405598]",20.12616802844043,filled square + square ring,filled diamond + diamond ring,False
Veil,map,sidebar-wash-0/rest/fill,rest / current,"[230.0, 115.0, 77.0]","[214.0, 92.0, 173.0]",36.37691900206665,"[230.0, 115.0, 77.0]","[204.0, 51.0, 127.0]",25.015125520132646,filled circle; no ring,filled circle + circular ring,False
Veil,map,sidebar-wash-0/rest/fill,rest / selected,"[230.0, 115.0, 77.0]","[190.0, 55.0, 145.0]",38.01032130810041,"[230.0, 115.0, 77.0]","[217.0, 140.0, 178.0]",27.795249199882708,filled circle; no ring,filled square + square ring,False
Veil,map,sidebar-wash-0/rest/fill,rest / hovered,"[230.0, 115.0, 77.0]","[214.0, 92.0, 173.0]",36.37691900206665,"[230.0, 115.0, 77.0]","[122.0, 31.0, 76.0]",40.385278014426326,filled circle; no ring,filled diamond + diamond ring,False
Veil,map,sidebar-wash-0/rest/fill,current / selected,"[214.0, 92.0, 173.0]","[190.0, 55.0, 145.0]",9.495138846748574,"[204.0, 51.0, 127.0]","[217.0, 140.0, 178.0]",15.417580833650044,filled circle + circular ring,filled square + square ring,False
Veil,map,sidebar-wash-0/rest/fill,current / hovered,"[214.0, 92.0, 173.0]","[214.0, 92.0, 173.0]",0,"[204.0, 51.0, 127.0]","[122.0, 31.0, 76.0]",18.766116556889088,filled circle + circular ring,filled diamond + diamond ring,False
Veil,map,sidebar-wash-0/rest/fill,selected / hovered,"[190.0, 55.0, 145.0]","[214.0, 92.0, 173.0]",9.495138846748574,"[217.0, 140.0, 178.0]","[122.0, 31.0, 76.0]",37.93922042975105,filled square + square ring,filled diamond + diamond ring,False
Veil,map,sidebar-wash-0/rest/ring,rest / current,"[230.0, 115.0, 77.0]","[214.0, 92.0, 173.0]",36.37691900206665,"[230.0, 115.0, 77.0]","[125.99999999999999, 35.8, 84.60000000000001]",41.45393925173759,filled circle; no ring,filled circle + circular ring,False
Veil,map,sidebar-wash-0/rest/ring,rest / selected,"[230.0, 115.0, 77.0]","[190.0, 55.0, 145.0]",38.01032130810041,"[230.0, 115.0, 77.0]","[142.20000456, 91.50400384, 120.04799544000001]",33.15852148722444,filled circle; no ring,filled square + square ring,False
Veil,map,sidebar-wash-0/rest/ring,rest / hovered,"[230.0, 115.0, 77.0]","[214.0, 92.0, 173.0]",36.37691900206665,"[230.0, 115.0, 77.0]","[76.8, 23.799999999999997, 53.99999999999999]",49.2421265578761,filled circle; no ring,filled diamond + diamond ring,False
Veil,map,sidebar-wash-0/rest/ring,current / selected,"[214.0, 92.0, 173.0]","[190.0, 55.0, 145.0]",9.495138846748574,"[125.99999999999999, 35.8, 84.60000000000001]","[142.20000456, 91.50400384, 120.04799544000001]",12.055243992696752,filled circle + circular ring,filled square + square ring,True
Veil,map,sidebar-wash-0/rest/ring,current / hovered,"[214.0, 92.0, 173.0]","[214.0, 92.0, 173.0]",0,"[125.99999999999999, 35.8, 84.60000000000001]","[76.8, 23.799999999999997, 53.99999999999999]",9.897329810994126,filled circle + circular ring,filled diamond + diamond ring,True
Veil,map,sidebar-wash-0/rest/ring,selected / hovered,"[190.0, 55.0, 145.0]","[214.0, 92.0, 173.0]",9.495138846748574,"[142.20000456, 91.50400384, 120.04799544000001]","[76.8, 23.799999999999997, 53.99999999999999]",21.703997154410164,filled square + square ring,filled diamond + diamond ring,False
Veil,map,sidebar-wash-0/hover/fill,rest / current,"[230.0, 115.0, 77.0]","[214.0, 92.0, 173.0]",36.37691900206665,"[230.0, 115.0, 77.0]","[204.0, 51.0, 127.0]",25.015125520132646,filled circle; no ring,filled circle + circular ring,False
Veil,map,sidebar-wash-0/hover/fill,rest / selected,"[230.0, 115.0, 77.0]","[190.0, 55.0, 145.0]",38.01032130810041,"[230.0, 115.0, 77.0]","[217.0, 140.0, 178.0]",27.795249199882708,filled circle; no ring,filled square + square ring,False
Veil,map,sidebar-wash-0/hover/fill,rest / hovered,"[230.0, 115.0, 77.0]","[214.0, 92.0, 173.0]",36.37691900206665,"[230.0, 115.0, 77.0]","[122.0, 31.0, 76.0]",40.385278014426326,filled circle; no ring,filled diamond + diamond ring,False
Veil,map,sidebar-wash-0/hover/fill,current / selected,"[214.0, 92.0, 173.0]","[190.0, 55.0, 145.0]",9.495138846748574,"[204.0, 51.0, 127.0]","[217.0, 140.0, 178.0]",15.417580833650044,filled circle + circular ring,filled square + square ring,False
Veil,map,sidebar-wash-0/hover/fill,current / hovered,"[214.0, 92.0, 173.0]","[214.0, 92.0, 173.0]",0,"[204.0, 51.0, 127.0]","[122.0, 31.0, 76.0]",18.766116556889088,filled circle + circular ring,filled diamond + diamond ring,False
Veil,map,sidebar-wash-0/hover/fill,selected / hovered,"[190.0, 55.0, 145.0]","[214.0, 92.0, 173.0]",9.495138846748574,"[217.0, 140.0, 178.0]","[122.0, 31.0, 76.0]",37.93922042975105,filled square + square ring,filled diamond + diamond ring,False
Veil,map,sidebar-wash-0/hover/ring,rest / current,"[230.0, 115.0, 77.0]","[214.0, 92.0, 173.0]",36.37691900206665,"[230.0, 115.0, 77.0]","[132.36, 39.31999999999999, 90.60000000000001]",40.64960256494664,filled circle; no ring,filled circle + circular ring,False
Veil,map,sidebar-wash-0/hover/ring,rest / selected,"[230.0, 115.0, 77.0]","[190.0, 55.0, 145.0]",38.01032130810041,"[230.0, 115.0, 77.0]","[142.20000456, 91.50400384, 120.04799544000001]",33.15852148722444,filled circle; no ring,filled square + square ring,False
Veil,map,sidebar-wash-0/hover/ring,rest / hovered,"[230.0, 115.0, 77.0]","[214.0, 92.0, 173.0]",36.37691900206665,"[230.0, 115.0, 77.0]","[83.16, 27.319999999999997, 60.0]",48.62754424934574,filled circle; no ring,filled diamond + diamond ring,False
Veil,map,sidebar-wash-0/hover/ring,current / selected,"[214.0, 92.0, 173.0]","[190.0, 55.0, 145.0]",9.495138846748574,"[132.36, 39.31999999999999, 90.60000000000001]","[142.20000456, 91.50400384, 120.04799544000001]",10.418648364033873,filled circle + circular ring,filled square + square ring,True
Veil,map,sidebar-wash-0/hover/ring,current / hovered,"[214.0, 92.0, 173.0]","[214.0, 92.0, 173.0]",0,"[132.36, 39.31999999999999, 90.60000000000001]","[83.16, 27.319999999999997, 60.0]",9.990907168490045,filled circle + circular ring,filled diamond + diamond ring,True
Veil,map,sidebar-wash-0/hover/ring,selected / hovered,"[190.0, 55.0, 145.0]","[214.0, 92.0, 173.0]",9.495138846748574,"[142.20000456, 91.50400384, 120.04799544000001]","[83.16, 27.319999999999997, 60.0]",20.229275884819067,filled square + square ring,filled diamond + diamond ring,False
Veil,map,sidebar-wash-0/selected-current/fill,rest / current,"[230.0, 115.0, 77.0]","[214.0, 92.0, 173.0]",36.37691900206665,"[230.0, 115.0, 77.0]","[204.0, 51.0, 127.0]",25.015125520132646,filled circle; no ring,filled circle + circular ring,False
Veil,map,sidebar-wash-0/selected-current/fill,rest / selected,"[230.0, 115.0, 77.0]","[190.0, 55.0, 145.0]",38.01032130810041,"[230.0, 115.0, 77.0]","[217.0, 140.0, 178.0]",27.795249199882708,filled circle; no ring,filled square + square ring,False
Veil,map,sidebar-wash-0/selected-current/fill,rest / hovered,"[230.0, 115.0, 77.0]","[214.0, 92.0, 173.0]",36.37691900206665,"[230.0, 115.0, 77.0]","[122.0, 31.0, 76.0]",40.385278014426326,filled circle; no ring,filled diamond + diamond ring,False
Veil,map,sidebar-wash-0/selected-current/fill,current / selected,"[214.0, 92.0, 173.0]","[190.0, 55.0, 145.0]",9.495138846748574,"[204.0, 51.0, 127.0]","[217.0, 140.0, 178.0]",15.417580833650044,filled circle + circular ring,filled square + square ring,False
Veil,map,sidebar-wash-0/selected-current/fill,current / hovered,"[214.0, 92.0, 173.0]","[214.0, 92.0, 173.0]",0,"[204.0, 51.0, 127.0]","[122.0, 31.0, 76.0]",18.766116556889088,filled circle + circular ring,filled diamond + diamond ring,False
Veil,map,sidebar-wash-0/selected-current/fill,selected / hovered,"[190.0, 55.0, 145.0]","[214.0, 92.0, 173.0]",9.495138846748574,"[217.0, 140.0, 178.0]","[122.0, 31.0, 76.0]",37.93922042975105,filled square + square ring,filled diamond + diamond ring,False
Veil,map,sidebar-wash-0/selected-current/ring,rest / current,"[230.0, 115.0, 77.0]","[214.0, 92.0, 173.0]",36.37691900206665,"[230.0, 115.0, 77.0]","[134.40000456, 38.10400384, 89.44799544]",39.622458338717934,filled circle; no ring,filled circle + circular ring,False
Veil,map,sidebar-wash-0/selected-current/ring,rest / selected,"[230.0, 115.0, 77.0]","[190.0, 55.0, 145.0]",38.01032130810041,"[230.0, 115.0, 77.0]","[142.20000456, 91.50400384, 120.04799544000001]",33.15852148722444,filled circle; no ring,filled square + square ring,False
Veil,map,sidebar-wash-0/selected-current/ring,rest / hovered,"[230.0, 115.0, 77.0]","[214.0, 92.0, 173.0]",36.37691900206665,"[230.0, 115.0, 77.0]","[76.8, 23.799999999999997, 53.99999999999999]",49.2421265578761,filled circle; no ring,filled diamond + diamond ring,False
Veil,map,sidebar-wash-0/selected-current/ring,current / selected,"[214.0, 92.0, 173.0]","[190.0, 55.0, 145.0]",9.495138846748574,"[134.40000456, 38.10400384, 89.44799544]","[142.20000456, 91.50400384, 120.04799544000001]",10.33772216358261,filled circle + circular ring,filled square + square ring,True
Veil,map,sidebar-wash-0/selected-current/ring,current / hovered,"[214.0, 92.0, 173.0]","[214.0, 92.0, 173.0]",0,"[134.40000456, 38.10400384, 89.44799544]","[76.8, 23.799999999999997, 53.99999999999999]",11.699388489806703,filled circle + circular ring,filled diamond + diamond ring,True
Veil,map,sidebar-wash-0/selected-current/ring,selected / hovered,"[190.0, 55.0, 145.0]","[214.0, 92.0, 173.0]",9.495138846748574,"[142.20000456, 91.50400384, 120.04799544000001]","[76.8, 23.799999999999997, 53.99999999999999]",21.703997154410164,filled square + square ring,filled diamond + diamond ring,False
Veil,map,sidebar-wash-0.07/rest/fill,rest / current,"[230.0, 115.0, 77.0]","[214.0, 92.0, 173.0]",36.37691900206665,"[230.0, 115.0, 77.0]","[204.0, 51.0, 127.0]",25.015125520132646,filled circle; no ring,filled circle + circular ring,False
Veil,map,sidebar-wash-0.07/rest/fill,rest / selected,"[230.0, 115.0, 77.0]","[190.0, 55.0, 145.0]",38.01032130810041,"[230.0, 115.0, 77.0]","[217.0, 140.0, 178.0]",27.795249199882708,filled circle; no ring,filled square + square ring,False
Veil,map,sidebar-wash-0.07/rest/fill,rest / hovered,"[230.0, 115.0, 77.0]","[214.0, 92.0, 173.0]",36.37691900206665,"[230.0, 115.0, 77.0]","[122.0, 31.0, 76.0]",40.385278014426326,filled circle; no ring,filled diamond + diamond ring,False
Veil,map,sidebar-wash-0.07/rest/fill,current / selected,"[214.0, 92.0, 173.0]","[190.0, 55.0, 145.0]",9.495138846748574,"[204.0, 51.0, 127.0]","[217.0, 140.0, 178.0]",15.417580833650044,filled circle + circular ring,filled square + square ring,False
Veil,map,sidebar-wash-0.07/rest/fill,current / hovered,"[214.0, 92.0, 173.0]","[214.0, 92.0, 173.0]",0,"[204.0, 51.0, 127.0]","[122.0, 31.0, 76.0]",18.766116556889088,filled circle + circular ring,filled diamond + diamond ring,False
Veil,map,sidebar-wash-0.07/rest/fill,selected / hovered,"[190.0, 55.0, 145.0]","[214.0, 92.0, 173.0]",9.495138846748574,"[217.0, 140.0, 178.0]","[122.0, 31.0, 76.0]",37.93922042975105,filled square + square ring,filled diamond + diamond ring,False
Veil,map,sidebar-wash-0.07/rest/ring,rest / current,"[230.0, 115.0, 77.0]","[214.0, 92.0, 173.0]",36.37691900206665,"[230.0, 115.0, 77.0]","[130.172, 36.724000000000004, 87.4]",40.76922597760986,filled circle; no ring,filled circle + circular ring,False
Veil,map,sidebar-wash-0.07/rest/ring,rest / selected,"[230.0, 115.0, 77.0]","[190.0, 55.0, 145.0]",38.01032130810041,"[230.0, 115.0, 77.0]","[145.87136456, 92.31712384, 122.51199544]",32.917235071514874,filled circle; no ring,filled square + square ring,False
Veil,map,sidebar-wash-0.07/rest/ring,rest / hovered,"[230.0, 115.0, 77.0]","[214.0, 92.0, 173.0]",36.37691900206665,"[230.0, 115.0, 77.0]","[80.972, 24.723999999999997, 56.79999999999999]",48.721662129966184,filled circle; no ring,filled diamond + diamond ring,False
Veil,map,sidebar-wash-0.07/rest/ring,current / selected,"[214.0, 92.0, 173.0]","[190.0, 55.0, 145.0]",9.495138846748574,"[130.172, 36.724000000000004, 87.4]","[145.87136456, 92.31712384, 122.51199544]",11.974709082623965,filled circle + circular ring,filled square + square ring,True
Veil,map,sidebar-wash-0.07/rest/ring,current / hovered,"[214.0, 92.0, 173.0]","[214.0, 92.0, 173.0]",0,"[130.172, 36.724000000000004, 87.4]","[80.972, 24.723999999999997, 56.79999999999999]",9.970741321718402,filled circle + circular ring,filled diamond + diamond ring,True
Veil,map,sidebar-wash-0.07/rest/ring,selected / hovered,"[190.0, 55.0, 145.0]","[214.0, 92.0, 173.0]",9.495138846748574,"[145.87136456, 92.31712384, 122.51199544]","[80.972, 24.723999999999997, 56.79999999999999]",21.683644767934616,filled square + square ring,filled diamond + diamond ring,False
Veil,map,sidebar-wash-0.07/hover/fill,rest / current,"[230.0, 115.0, 77.0]","[214.0, 92.0, 173.0]",36.37691900206665,"[230.0, 115.0, 77.0]","[204.0, 51.0, 127.0]",25.015125520132646,filled circle; no ring,filled circle + circular ring,False
Veil,map,sidebar-wash-0.07/hover/fill,rest / selected,"[230.0, 115.0, 77.0]","[190.0, 55.0, 145.0]",38.01032130810041,"[230.0, 115.0, 77.0]","[217.0, 140.0, 178.0]",27.795249199882708,filled circle; no ring,filled square + square ring,False
Veil,map,sidebar-wash-0.07/hover/fill,rest / hovered,"[230.0, 115.0, 77.0]","[214.0, 92.0, 173.0]",36.37691900206665,"[230.0, 115.0, 77.0]","[122.0, 31.0, 76.0]",40.385278014426326,filled circle; no ring,filled diamond + diamond ring,False
Veil,map,sidebar-wash-0.07/hover/fill,current / selected,"[214.0, 92.0, 173.0]","[190.0, 55.0, 145.0]",9.495138846748574,"[204.0, 51.0, 127.0]","[217.0, 140.0, 178.0]",15.417580833650044,filled circle + circular ring,filled square + square ring,False
Veil,map,sidebar-wash-0.07/hover/fill,current / hovered,"[214.0, 92.0, 173.0]","[214.0, 92.0, 173.0]",0,"[204.0, 51.0, 127.0]","[122.0, 31.0, 76.0]",18.766116556889088,filled circle + circular ring,filled diamond + diamond ring,False
Veil,map,sidebar-wash-0.07/hover/fill,selected / hovered,"[190.0, 55.0, 145.0]","[214.0, 92.0, 173.0]",9.495138846748574,"[217.0, 140.0, 178.0]","[122.0, 31.0, 76.0]",37.93922042975105,filled square + square ring,filled diamond + diamond ring,False
Veil,map,sidebar-wash-0.07/hover/ring,rest / current,"[230.0, 115.0, 77.0]","[214.0, 92.0, 173.0]",36.37691900206665,"[230.0, 115.0, 77.0]","[134.446, 39.782, 92.00000000000001]",40.28958717923352,filled circle; no ring,filled circle + circular ring,False
Veil,map,sidebar-wash-0.07/hover/ring,rest / selected,"[230.0, 115.0, 77.0]","[190.0, 55.0, 145.0]",38.01032130810041,"[230.0, 115.0, 77.0]","[145.87136456, 92.31712384, 122.51199544]",32.917235071514874,filled circle; no ring,filled square + square ring,False
Veil,map,sidebar-wash-0.07/hover/ring,rest / hovered,"[230.0, 115.0, 77.0]","[214.0, 92.0, 173.0]",36.37691900206665,"[230.0, 115.0, 77.0]","[85.246, 27.781999999999996, 61.39999999999999]",48.36976917396273,filled circle; no ring,filled diamond + diamond ring,False
Veil,map,sidebar-wash-0.07/hover/ring,current / selected,"[214.0, 92.0, 173.0]","[190.0, 55.0, 145.0]",9.495138846748574,"[134.446, 39.782, 92.00000000000001]","[145.87136456, 92.31712384, 122.51199544]",10.765362347095245,filled circle + circular ring,filled square + square ring,True
Veil,map,sidebar-wash-0.07/hover/ring,current / hovered,"[214.0, 92.0, 173.0]","[214.0, 92.0, 173.0]",0,"[134.446, 39.782, 92.00000000000001]","[85.246, 27.781999999999996, 61.39999999999999]",10.030788705781031,filled circle + circular ring,filled diamond + diamond ring,True
Veil,map,sidebar-wash-0.07/hover/ring,selected / hovered,"[190.0, 55.0, 145.0]","[214.0, 92.0, 173.0]",9.495138846748574,"[145.87136456, 92.31712384, 122.51199544]","[85.246, 27.781999999999996, 61.39999999999999]",20.597562954711947,filled square + square ring,filled diamond + diamond ring,False
Veil,map,sidebar-wash-0.07/selected-current/fill,rest / current,"[230.0, 115.0, 77.0]","[214.0, 92.0, 173.0]",36.37691900206665,"[230.0, 115.0, 77.0]","[204.0, 51.0, 127.0]",25.015125520132646,filled circle; no ring,filled circle + circular ring,False
Veil,map,sidebar-wash-0.07/selected-current/fill,rest / selected,"[230.0, 115.0, 77.0]","[190.0, 55.0, 145.0]",38.01032130810041,"[230.0, 115.0, 77.0]","[217.0, 140.0, 178.0]",27.795249199882708,filled circle; no ring,filled square + square ring,False
Veil,map,sidebar-wash-0.07/selected-current/fill,rest / hovered,"[230.0, 115.0, 77.0]","[214.0, 92.0, 173.0]",36.37691900206665,"[230.0, 115.0, 77.0]","[122.0, 31.0, 76.0]",40.385278014426326,filled circle; no ring,filled diamond + diamond ring,False
Veil,map,sidebar-wash-0.07/selected-current/fill,current / selected,"[214.0, 92.0, 173.0]","[190.0, 55.0, 145.0]",9.495138846748574,"[204.0, 51.0, 127.0]","[217.0, 140.0, 178.0]",15.417580833650044,filled circle + circular ring,filled square + square ring,False
Veil,map,sidebar-wash-0.07/selected-current/fill,current / hovered,"[214.0, 92.0, 173.0]","[214.0, 92.0, 173.0]",0,"[204.0, 51.0, 127.0]","[122.0, 31.0, 76.0]",18.766116556889088,filled circle + circular ring,filled diamond + diamond ring,False
Veil,map,sidebar-wash-0.07/selected-current/fill,selected / hovered,"[190.0, 55.0, 145.0]","[214.0, 92.0, 173.0]",9.495138846748574,"[217.0, 140.0, 178.0]","[122.0, 31.0, 76.0]",37.93922042975105,filled square + square ring,filled diamond + diamond ring,False
Veil,map,sidebar-wash-0.07/selected-current/ring,rest / current,"[230.0, 115.0, 77.0]","[214.0, 92.0, 173.0]",36.37691900206665,"[230.0, 115.0, 77.0]","[138.07136456, 38.91712384, 91.91199544]",38.96654933194652,filled circle; no ring,filled circle + circular ring,False
Veil,map,sidebar-wash-0.07/selected-current/ring,rest / selected,"[230.0, 115.0, 77.0]","[190.0, 55.0, 145.0]",38.01032130810041,"[230.0, 115.0, 77.0]","[145.87136456, 92.31712384, 122.51199544]",32.917235071514874,filled circle; no ring,filled square + square ring,False
Veil,map,sidebar-wash-0.07/selected-current/ring,rest / hovered,"[230.0, 115.0, 77.0]","[214.0, 92.0, 173.0]",36.37691900206665,"[230.0, 115.0, 77.0]","[80.972, 24.723999999999997, 56.79999999999999]",48.721662129966184,filled circle; no ring,filled diamond + diamond ring,False
Veil,map,sidebar-wash-0.07/selected-current/ring,current / selected,"[214.0, 92.0, 173.0]","[190.0, 55.0, 145.0]",9.495138846748574,"[138.07136456, 38.91712384, 91.91199544]","[145.87136456, 92.31712384, 122.51199544]",10.35428708696672,filled circle + circular ring,filled square + square ring,True
Veil,map,sidebar-wash-0.07/selected-current/ring,current / hovered,"[214.0, 92.0, 173.0]","[214.0, 92.0, 173.0]",0,"[138.07136456, 38.91712384, 91.91199544]","[80.972, 24.723999999999997, 56.79999999999999]",11.682554312841718,filled circle + circular ring,filled diamond + diamond ring,True
Veil,map,sidebar-wash-0.07/selected-current/ring,selected / hovered,"[190.0, 55.0, 145.0]","[214.0, 92.0, 173.0]",9.495138846748574,"[145.87136456, 92.31712384, 122.51199544]","[80.972, 24.723999999999997, 56.79999999999999]",21.683644767934616,filled square + square ring,filled diamond + diamond ring,False
Gilded,memory,fill,normal / over,"[209.0, 158.0, 31.0]","[172.0, 115.0, 57.0]",14.285023787217428,"[209.0, 158.0, 31.0]","[172.0, 115.0, 57.0]",14.285023787217428,meter; warning absent,meter + AlertTriangle,True
Gilded,delete,ready/rest,unarmed / armed,"[182.0, 154.0, 84.0]","[195.0, 34.0, 34.0]",17.17921263973326,"[209.0, 192.0, 148.0]","[242.0, 13.0, 13.0]",21.34560083484541,Trash2,AlertTriangle,False
Gilded,delete,ready/hover,unarmed / armed,"[182.0, 154.0, 84.0]","[195.0, 34.0, 34.0]",17.17921263973326,"[209.0, 192.0, 148.0]","[242.0, 13.0, 13.0]",21.34560083484541,Trash2,AlertTriangle,False
Gilded,delete,ready/focus,unarmed / armed,"[182.0, 154.0, 84.0]","[195.0, 34.0, 34.0]",17.17921263973326,"[209.0, 192.0, 148.0]","[242.0, 13.0, 13.0]",21.34560083484541,Trash2,AlertTriangle,False
Gilded,delete,ready-exceeds/rest,unarmed / armed,"[70.19999999999999, 60.39999999999999, 35.9]","[74.74999999999999, 18.4, 18.4]",6.320968334761493,"[79.64999999999999, 73.7, 58.300000000000004]","[91.19999999999999, 11.05, 11.05]",12.02337260846394,Trash2,AlertTriangle,True
Gilded,delete,ready-exceeds/hover,unarmed / armed,"[70.19999999999999, 60.39999999999999, 35.9]","[74.74999999999999, 18.4, 18.4]",6.320968334761493,"[79.64999999999999, 73.7, 58.300000000000004]","[91.19999999999999, 11.05, 11.05]",12.02337260846394,Trash2,AlertTriangle,True
Gilded,delete,ready-exceeds/focus,unarmed / armed,"[70.19999999999999, 60.39999999999999, 35.9]","[74.74999999999999, 18.4, 18.4]",6.320968334761493,"[79.64999999999999, 73.7, 58.300000000000004]","[91.19999999999999, 11.05, 11.05]",12.02337260846394,Trash2,AlertTriangle,True
Gilded,key,required/rest,optional-absent / required-missing,"[75.5, 66.5, 44.5]","[172.0, 115.0, 57.0]",26.52012089239464,"[58.50000000000001, 52.0, 36.0]","[172.0, 115.0, 57.0]",31.64319779838327,Circle,AlertTriangle,False
Gilded,key,required/rest,optional-absent / present,"[75.5, 66.5, 44.5]","[182.0, 154.0, 84.0]",37.83962986989561,"[58.50000000000001, 52.0, 36.0]","[209.0, 192.0, 148.0]",56.95135979351716,Circle,CircleDot,False
Gilded,key,required/rest,optional-absent / verified,"[75.5, 66.5, 44.5]","[209.0, 158.0, 31.0]",44.65833025163953,"[58.50000000000001, 52.0, 36.0]","[209.0, 158.0, 31.0]",49.94027355567397,Circle,CircleCheck,False
Gilded,key,required/rest,required-missing / present,"[172.0, 115.0, 57.0]","[182.0, 154.0, 84.0]",9.258749015570453,"[172.0, 115.0, 57.0]","[209.0, 192.0, 148.0]",20.08788350987013,AlertTriangle,CircleDot,False
Gilded,key,required/rest,required-missing / verified,"[172.0, 115.0, 57.0]","[209.0, 158.0, 31.0]",14.285023787217428,"[172.0, 115.0, 57.0]","[209.0, 158.0, 31.0]",14.285023787217428,AlertTriangle,CircleCheck,True
Gilded,key,required/rest,present / verified,"[182.0, 154.0, 84.0]","[209.0, 158.0, 31.0]",8.079547650133694,"[209.0, 192.0, 148.0]","[209.0, 158.0, 31.0]",14.916218173903074,CircleDot,CircleCheck,True
Gilded,key,required/hover,optional-absent / required-missing,"[133.0, 115.0, 71.0]","[172.0, 115.0, 57.0]",7.7480135369674645,"[99.0, 86.0, 54.0]","[172.0, 115.0, 57.0]",19.084191515910707,Circle,AlertTriangle,False
Gilded,key,required/hover,optional-absent / present,"[133.0, 115.0, 71.0]","[182.0, 154.0, 84.0]",15.379933813096397,"[99.0, 86.0, 54.0]","[209.0, 192.0, 148.0]",37.18706326929112,Circle,CircleDot,False
Gilded,key,required/hover,optional-absent / verified,"[133.0, 115.0, 71.0]","[209.0, 158.0, 31.0]",21.57402487140358,"[99.0, 86.0, 54.0]","[209.0, 158.0, 31.0]",34.633518111839926,Circle,CircleCheck,False
Gilded,key,required/hover,required-missing / present,"[172.0, 115.0, 57.0]","[182.0, 154.0, 84.0]",9.258749015570453,"[172.0, 115.0, 57.0]","[209.0, 192.0, 148.0]",20.08788350987013,AlertTriangle,CircleDot,False
Gilded,key,required/hover,required-missing / verified,"[172.0, 115.0, 57.0]","[209.0, 158.0, 31.0]",14.285023787217428,"[172.0, 115.0, 57.0]","[209.0, 158.0, 31.0]",14.285023787217428,AlertTriangle,CircleCheck,True
Gilded,key,required/hover,present / verified,"[182.0, 154.0, 84.0]","[209.0, 158.0, 31.0]",8.079547650133694,"[209.0, 192.0, 148.0]","[209.0, 158.0, 31.0]",14.916218173903074,CircleDot,CircleCheck,True
Gilded,key,required/focus,optional-absent / required-missing,"[133.0, 115.0, 71.0]","[172.0, 115.0, 57.0]",7.7480135369674645,"[99.0, 86.0, 54.0]","[172.0, 115.0, 57.0]",19.084191515910707,Circle,AlertTriangle,False
Gilded,key,required/focus,optional-absent / present,"[133.0, 115.0, 71.0]","[182.0, 154.0, 84.0]",15.379933813096397,"[99.0, 86.0, 54.0]","[209.0, 192.0, 148.0]",37.18706326929112,Circle,CircleDot,False
Gilded,key,required/focus,optional-absent / verified,"[133.0, 115.0, 71.0]","[209.0, 158.0, 31.0]",21.57402487140358,"[99.0, 86.0, 54.0]","[209.0, 158.0, 31.0]",34.633518111839926,Circle,CircleCheck,False
Gilded,key,required/focus,required-missing / present,"[172.0, 115.0, 57.0]","[182.0, 154.0, 84.0]",9.258749015570453,"[172.0, 115.0, 57.0]","[209.0, 192.0, 148.0]",20.08788350987013,AlertTriangle,CircleDot,False
Gilded,key,required/focus,required-missing / verified,"[172.0, 115.0, 57.0]","[209.0, 158.0, 31.0]",14.285023787217428,"[172.0, 115.0, 57.0]","[209.0, 158.0, 31.0]",14.285023787217428,AlertTriangle,CircleCheck,True
Gilded,key,required/focus,present / verified,"[182.0, 154.0, 84.0]","[209.0, 158.0, 31.0]",8.079547650133694,"[209.0, 192.0, 148.0]","[209.0, 158.0, 31.0]",14.916218173903074,CircleDot,CircleCheck,True
Gilded,key,optional/rest,optional-absent / required-missing,"[75.5, 66.5, 44.5]","[172.0, 115.0, 57.0]",26.52012089239464,"[58.50000000000001, 52.0, 36.0]","[172.0, 115.0, 57.0]",31.64319779838327,Circle,AlertTriangle,False
Gilded,key,optional/rest,optional-absent / present,"[75.5, 66.5, 44.5]","[100.0, 85.99999999999999, 51.0]",8.192670960308769,"[58.50000000000001, 52.0, 36.0]","[113.5, 105.0, 83.0]",18.451994837603426,Circle,CircleDot,False
Gilded,key,optional/rest,optional-absent / verified,"[75.5, 66.5, 44.5]","[113.5, 88.0, 24.499999999999996]",13.879167229509108,"[58.50000000000001, 52.0, 36.0]","[113.5, 88.0, 24.499999999999996]",18.798663985173523,Circle,CircleCheck,False
Gilded,key,optional/rest,required-missing / present,"[172.0, 115.0, 57.0]","[100.0, 85.99999999999999, 51.0]",18.620494904309908,"[172.0, 115.0, 57.0]","[113.5, 105.0, 83.0]",16.038001627072497,AlertTriangle,CircleDot,False
Gilded,key,optional/rest,required-missing / verified,"[172.0, 115.0, 57.0]","[113.5, 88.0, 24.499999999999996]",15.074334262724316,"[172.0, 115.0, 57.0]","[113.5, 88.0, 24.499999999999996]",15.074334262724316,AlertTriangle,CircleCheck,False
Gilded,key,optional/rest,present / verified,"[100.0, 85.99999999999999, 51.0]","[113.5, 88.0, 24.499999999999996]",6.890785030389483,"[113.5, 105.0, 83.0]","[113.5, 88.0, 24.499999999999996]",12.182186962499062,CircleDot,CircleCheck,True
Gilded,key,optional/hover,optional-absent / required-missing,"[133.0, 115.0, 71.0]","[172.0, 115.0, 57.0]",7.7480135369674645,"[99.0, 86.0, 54.0]","[172.0, 115.0, 57.0]",19.084191515910707,Circle,AlertTriangle,False
Gilded,key,optional/hover,optional-absent / present,"[133.0, 115.0, 71.0]","[182.0, 154.0, 84.0]",15.379933813096397,"[99.0, 86.0, 54.0]","[209.0, 192.0, 148.0]",37.18706326929112,Circle,CircleDot,False
Gilded,key,optional/hover,optional-absent / verified,"[133.0, 115.0, 71.0]","[209.0, 158.0, 31.0]",21.57402487140358,"[99.0, 86.0, 54.0]","[209.0, 158.0, 31.0]",34.633518111839926,Circle,CircleCheck,False
Gilded,key,optional/hover,required-missing / present,"[172.0, 115.0, 57.0]","[182.0, 154.0, 84.0]",9.258749015570453,"[172.0, 115.0, 57.0]","[209.0, 192.0, 148.0]",20.08788350987013,AlertTriangle,CircleDot,False
Gilded,key,optional/hover,required-missing / verified,"[172.0, 115.0, 57.0]","[209.0, 158.0, 31.0]",14.285023787217428,"[172.0, 115.0, 57.0]","[209.0, 158.0, 31.0]",14.285023787217428,AlertTriangle,CircleCheck,True
Gilded,key,optional/hover,present / verified,"[182.0, 154.0, 84.0]","[209.0, 158.0, 31.0]",8.079547650133694,"[209.0, 192.0, 148.0]","[209.0, 158.0, 31.0]",14.916218173903074,CircleDot,CircleCheck,True
Gilded,key,optional/focus,optional-absent / required-missing,"[133.0, 115.0, 71.0]","[172.0, 115.0, 57.0]",7.7480135369674645,"[99.0, 86.0, 54.0]","[172.0, 115.0, 57.0]",19.084191515910707,Circle,AlertTriangle,False
Gilded,key,optional/focus,optional-absent / present,"[133.0, 115.0, 71.0]","[182.0, 154.0, 84.0]",15.379933813096397,"[99.0, 86.0, 54.0]","[209.0, 192.0, 148.0]",37.18706326929112,Circle,CircleDot,False
Gilded,key,optional/focus,optional-absent / verified,"[133.0, 115.0, 71.0]","[209.0, 158.0, 31.0]",21.57402487140358,"[99.0, 86.0, 54.0]","[209.0, 158.0, 31.0]",34.633518111839926,Circle,CircleCheck,False
Gilded,key,optional/focus,required-missing / present,"[172.0, 115.0, 57.0]","[182.0, 154.0, 84.0]",9.258749015570453,"[172.0, 115.0, 57.0]","[209.0, 192.0, 148.0]",20.08788350987013,AlertTriangle,CircleDot,False
Gilded,key,optional/focus,required-missing / verified,"[172.0, 115.0, 57.0]","[209.0, 158.0, 31.0]",14.285023787217428,"[172.0, 115.0, 57.0]","[209.0, 158.0, 31.0]",14.285023787217428,AlertTriangle,CircleCheck,True
Gilded,key,optional/focus,present / verified,"[182.0, 154.0, 84.0]","[209.0, 158.0, 31.0]",8.079547650133694,"[209.0, 192.0, 148.0]","[209.0, 158.0, 31.0]",14.916218173903074,CircleDot,CircleCheck,True
Gilded,map,canvas-sea/fill,rest / current,"[172.0, 115.0, 57.0]","[209.0, 181.0, 97.0]",16.745901010195965,"[217.0, 179.0, 140.0]","[179.0, 140.0, 26.0]",16.104702787494492,filled circle; no ring,filled circle + circular ring,False
Gilded,map,canvas-sea/fill,rest / selected,"[172.0, 115.0, 57.0]","[209.0, 158.0, 31.0]",14.285023787217428,"[217.0, 179.0, 140.0]","[239.0, 190.0, 67.0]",13.090703489675857,filled circle; no ring,filled square + square ring,True
Gilded,map,canvas-sea/fill,rest / hovered,"[172.0, 115.0, 57.0]","[209.0, 181.0, 97.0]",16.745901010195965,"[217.0, 179.0, 140.0]","[119.0, 98.0, 34.0]",29.6585434544095,filled circle; no ring,filled diamond + diamond ring,False
Gilded,map,canvas-sea/fill,current / selected,"[209.0, 181.0, 97.0]","[209.0, 158.0, 31.0]",6.984931036304617,"[179.0, 140.0, 26.0]","[239.0, 190.0, 67.0]",14.835429448396189,filled circle + circular ring,filled square + square ring,True
Gilded,map,canvas-sea/fill,current / hovered,"[209.0, 181.0, 97.0]","[209.0, 181.0, 97.0]",0,"[179.0, 140.0, 26.0]","[119.0, 98.0, 34.0]",19.257499411468416,filled circle + circular ring,filled diamond + diamond ring,False
Gilded,map,canvas-sea/fill,selected / hovered,"[209.0, 158.0, 31.0]","[209.0, 181.0, 97.0]",6.984931036304617,"[239.0, 190.0, 67.0]","[119.0, 98.0, 34.0]",33.28409007174975,filled square + square ring,filled diamond + diamond ring,False
Gilded,map,canvas-sea/ring,rest / current,"[172.0, 115.0, 57.0]","[130.6, 113.8, 63.39999999999999]",7.385425720156652,"[217.0, 179.0, 140.0]","[112.6, 89.2, 20.8]",33.33523550450635,filled circle; no ring,filled circle + circular ring,False
Gilded,map,canvas-sea/ring,rest / selected,"[172.0, 115.0, 57.0]","[130.6, 100.0, 23.799999999999997]",9.853479609187564,"[217.0, 179.0, 140.0]","[148.6, 119.2, 45.4]",20.77549563877752,filled circle; no ring,filled square + square ring,False
Gilded,map,canvas-sea/ring,rest / hovered,"[172.0, 115.0, 57.0]","[130.6, 113.8, 63.39999999999999]",7.385425720156652,"[217.0, 179.0, 140.0]","[76.6, 64.0, 25.6]",47.62096400366798,filled circle; no ring,filled diamond + diamond ring,False
Gilded,map,canvas-sea/ring,current / selected,"[130.6, 113.8, 63.39999999999999]","[130.6, 100.0, 23.799999999999997]",6.392177665762755,"[112.6, 89.2, 20.8]","[148.6, 119.2, 45.4]",12.30646837206984,filled circle + circular ring,filled square + square ring,True
Gilded,map,canvas-sea/ring,current / hovered,"[130.6, 113.8, 63.39999999999999]","[130.6, 113.8, 63.39999999999999]",0,"[112.6, 89.2, 20.8]","[76.6, 64.0, 25.6]",11.417171394443558,filled circle + circular ring,filled diamond + diamond ring,True
Gilded,map,canvas-sea/ring,selected / hovered,"[130.6, 100.0, 23.799999999999997]","[130.6, 113.8, 63.39999999999999]",6.392177665762755,"[148.6, 119.2, 45.4]","[76.6, 64.0, 25.6]",22.910543268013402,filled square + square ring,filled diamond + diamond ring,False
Gilded,map,canvas-land/fill,rest / current,"[172.0, 115.0, 57.0]","[209.0, 181.0, 97.0]",16.745901010195965,"[217.0, 179.0, 140.0]","[179.0, 140.0, 26.0]",16.104702787494492,filled circle; no ring,filled circle + circular ring,False
Gilded,map,canvas-land/fill,rest / selected,"[172.0, 115.0, 57.0]","[209.0, 158.0, 31.0]",14.285023787217428,"[217.0, 179.0, 140.0]","[239.0, 190.0, 67.0]",13.090703489675857,filled circle; no ring,filled square + square ring,True
Gilded,map,canvas-land/fill,rest / hovered,"[172.0, 115.0, 57.0]","[209.0, 181.0, 97.0]",16.745901010195965,"[217.0, 179.0, 140.0]","[119.0, 98.0, 34.0]",29.6585434544095,filled circle; no ring,filled diamond + diamond ring,False
Gilded,map,canvas-land/fill,current / selected,"[209.0, 181.0, 97.0]","[209.0, 158.0, 31.0]",6.984931036304617,"[179.0, 140.0, 26.0]","[239.0, 190.0, 67.0]",14.835429448396189,filled circle + circular ring,filled square + square ring,True
Gilded,map,canvas-land/fill,current / hovered,"[209.0, 181.0, 97.0]","[209.0, 181.0, 97.0]",0,"[179.0, 140.0, 26.0]","[119.0, 98.0, 34.0]",19.257499411468416,filled circle + circular ring,filled diamond + diamond ring,False
Gilded,map,canvas-land/fill,selected / hovered,"[209.0, 158.0, 31.0]","[209.0, 181.0, 97.0]",6.984931036304617,"[239.0, 190.0, 67.0]","[119.0, 98.0, 34.0]",33.28409007174975,filled square + square ring,filled diamond + diamond ring,False
Gilded,map,canvas-land/ring,rest / current,"[172.0, 115.0, 57.0]","[143.03049599999997, 123.01402800000001, 64.478304]",3.3161898456698764,"[217.0, 179.0, 140.0]","[125.030496, 98.414028, 21.878304]",29.11419033833566,filled circle; no ring,filled circle + circular ring,False
Gilded,map,canvas-land/ring,rest / selected,"[172.0, 115.0, 57.0]","[143.03049599999997, 109.214028, 24.878304]",6.041874409859437,"[217.0, 179.0, 140.0]","[161.030496, 128.414028, 46.478304]",17.865714588247727,filled circle; no ring,filled square + square ring,False
Gilded,map,canvas-land/ring,rest / hovered,"[172.0, 115.0, 57.0]","[143.03049599999997, 123.01402800000001, 64.478304]",3.3161898456698764,"[217.0, 179.0, 140.0]","[89.030496, 73.214028, 26.678304]",42.05436181858735,filled circle; no ring,filled diamond + diamond ring,False
Gilded,map,canvas-land/ring,current / selected,"[143.03049599999997, 123.01402800000001, 64.478304]","[143.03049599999997, 109.214028, 24.878304]",5.914729416526205,"[125.030496, 98.414028, 21.878304]","[161.030496, 128.414028, 46.478304]",12.510145817172955,filled circle + circular ring,filled square + square ring,True
Gilded,map,canvas-land/ring,current / hovered,"[143.03049599999997, 123.01402800000001, 64.478304]","[143.03049599999997, 123.01402800000001, 64.478304]",0,"[125.030496, 98.414028, 21.878304]","[89.030496, 73.214028, 26.678304]",11.383635711260432,filled circle + circular ring,filled diamond + diamond ring,True
Gilded,map,canvas-land/ring,selected / hovered,"[143.03049599999997, 109.214028, 24.878304]","[143.03049599999997, 123.01402800000001, 64.478304]",5.914729416526205,"[161.030496, 128.414028, 46.478304]","[89.030496, 73.214028, 26.678304]",23.628464364066726,filled square + square ring,filled diamond + diamond ring,False
Gilded,map,sidebar-wash-0/rest/fill,rest / current,"[172.0, 115.0, 57.0]","[209.0, 181.0, 97.0]",16.745901010195965,"[217.0, 179.0, 140.0]","[179.0, 140.0, 26.0]",16.104702787494492,filled circle; no ring,filled circle + circular ring,False
Gilded,map,sidebar-wash-0/rest/fill,rest / selected,"[172.0, 115.0, 57.0]","[209.0, 158.0, 31.0]",14.285023787217428,"[217.0, 179.0, 140.0]","[239.0, 190.0, 67.0]",13.090703489675857,filled circle; no ring,filled square + square ring,True
Gilded,map,sidebar-wash-0/rest/fill,rest / hovered,"[172.0, 115.0, 57.0]","[209.0, 181.0, 97.0]",16.745901010195965,"[217.0, 179.0, 140.0]","[119.0, 98.0, 34.0]",29.6585434544095,filled circle; no ring,filled diamond + diamond ring,False
Gilded,map,sidebar-wash-0/rest/fill,current / selected,"[209.0, 181.0, 97.0]","[209.0, 158.0, 31.0]",6.984931036304617,"[179.0, 140.0, 26.0]","[239.0, 190.0, 67.0]",14.835429448396189,filled circle + circular ring,filled square + square ring,True
Gilded,map,sidebar-wash-0/rest/fill,current / hovered,"[209.0, 181.0, 97.0]","[209.0, 181.0, 97.0]",0,"[179.0, 140.0, 26.0]","[119.0, 98.0, 34.0]",19.257499411468416,filled circle + circular ring,filled diamond + diamond ring,False
Gilded,map,sidebar-wash-0/rest/fill,selected / hovered,"[209.0, 158.0, 31.0]","[209.0, 181.0, 97.0]",6.984931036304617,"[239.0, 190.0, 67.0]","[119.0, 98.0, 34.0]",33.28409007174975,filled square + square ring,filled diamond + diamond ring,False
Gilded,map,sidebar-wash-0/rest/ring,rest / current,"[172.0, 115.0, 57.0]","[209.0, 181.0, 97.0]",16.745901010195965,"[217.0, 179.0, 140.0]","[111.39999999999999, 88.0, 19.599999999999998]",33.88249502427196,filled circle; no ring,filled circle + circular ring,False
Gilded,map,sidebar-wash-0/rest/ring,rest / selected,"[172.0, 115.0, 57.0]","[209.0, 158.0, 31.0]",14.285023787217428,"[217.0, 179.0, 140.0]","[156.92987200000002, 125.11752712, 45.215728]",18.86656843231492,filled circle; no ring,filled square + square ring,False
Gilded,map,sidebar-wash-0/rest/ring,rest / hovered,"[172.0, 115.0, 57.0]","[209.0, 181.0, 97.0]",16.745901010195965,"[217.0, 179.0, 140.0]","[75.39999999999999, 62.8, 24.400000000000002]",48.282433357386644,filled circle; no ring,filled diamond + diamond ring,False
Gilded,map,sidebar-wash-0/rest/ring,current / selected,"[209.0, 181.0, 97.0]","[209.0, 158.0, 31.0]",6.984931036304617,"[111.39999999999999, 88.0, 19.599999999999998]","[156.92987200000002, 125.11752712, 45.215728]",15.567621596956672,filled circle + circular ring,filled square + square ring,False
Gilded,map,sidebar-wash-0/rest/ring,current / hovered,"[209.0, 181.0, 97.0]","[209.0, 181.0, 97.0]",0,"[111.39999999999999, 88.0, 19.599999999999998]","[75.39999999999999, 62.8, 24.400000000000002]",11.37227292852494,filled circle + circular ring,filled diamond + diamond ring,True
Gilded,map,sidebar-wash-0/rest/ring,selected / hovered,"[209.0, 158.0, 31.0]","[209.0, 181.0, 97.0]",6.984931036304617,"[156.92987200000002, 125.11752712, 45.215728]","[75.39999999999999, 62.8, 24.400000000000002]",26.1292392641108,filled square + square ring,filled diamond + diamond ring,False
Gilded,map,sidebar-wash-0/hover/fill,rest / current,"[172.0, 115.0, 57.0]","[209.0, 181.0, 97.0]",16.745901010195965,"[217.0, 179.0, 140.0]","[179.0, 140.0, 26.0]",16.104702787494492,filled circle; no ring,filled circle + circular ring,False
Gilded,map,sidebar-wash-0/hover/fill,rest / selected,"[172.0, 115.0, 57.0]","[209.0, 158.0, 31.0]",14.285023787217428,"[217.0, 179.0, 140.0]","[239.0, 190.0, 67.0]",13.090703489675857,filled circle; no ring,filled square + square ring,True
Gilded,map,sidebar-wash-0/hover/fill,rest / hovered,"[172.0, 115.0, 57.0]","[209.0, 181.0, 97.0]",16.745901010195965,"[217.0, 179.0, 140.0]","[119.0, 98.0, 34.0]",29.6585434544095,filled circle; no ring,filled diamond + diamond ring,False
Gilded,map,sidebar-wash-0/hover/fill,current / selected,"[209.0, 181.0, 97.0]","[209.0, 158.0, 31.0]",6.984931036304617,"[179.0, 140.0, 26.0]","[239.0, 190.0, 67.0]",14.835429448396189,filled circle + circular ring,filled square + square ring,True
Gilded,map,sidebar-wash-0/hover/fill,current / hovered,"[209.0, 181.0, 97.0]","[209.0, 181.0, 97.0]",0,"[179.0, 140.0, 26.0]","[119.0, 98.0, 34.0]",19.257499411468416,filled circle + circular ring,filled diamond + diamond ring,False
Gilded,map,sidebar-wash-0/hover/fill,selected / hovered,"[209.0, 158.0, 31.0]","[209.0, 181.0, 97.0]",6.984931036304617,"[239.0, 190.0, 67.0]","[119.0, 98.0, 34.0]",33.28409007174975,filled square + square ring,filled diamond + diamond ring,False
Gilded,map,sidebar-wash-0/hover/ring,rest / current,"[172.0, 115.0, 57.0]","[209.0, 181.0, 97.0]",16.745901010195965,"[217.0, 179.0, 140.0]","[119.345, 94.6445, 22.955000000000002]",30.82611779908053,filled circle; no ring,filled circle + circular ring,False
Gilded,map,sidebar-wash-0/hover/ring,rest / selected,"[172.0, 115.0, 57.0]","[209.0, 158.0, 31.0]",14.285023787217428,"[217.0, 179.0, 140.0]","[156.92987200000002, 125.11752712, 45.215728]",18.86656843231492,filled circle; no ring,filled square + square ring,False
Gilded,map,sidebar-wash-0/hover/ring,rest / hovered,"[172.0, 115.0, 57.0]","[209.0, 181.0, 97.0]",16.745901010195965,"[217.0, 179.0, 140.0]","[83.34499999999998, 69.44449999999999, 27.755000000000003]",44.391382993322345,filled circle; no ring,filled diamond + diamond ring,False
Gilded,map,sidebar-wash-0/hover/ring,current / selected,"[209.0, 181.0, 97.0]","[209.0, 158.0, 31.0]",6.984931036304617,"[119.345, 94.6445, 22.955000000000002]","[156.92987200000002, 125.11752712, 45.215728]",12.906285596623656,filled circle + circular ring,filled square + square ring,True
Gilded,map,sidebar-wash-0/hover/ring,current / hovered,"[209.0, 181.0, 97.0]","[209.0, 181.0, 97.0]",0,"[119.345, 94.6445, 22.955000000000002]","[83.34499999999998, 69.44449999999999, 27.755000000000003]",11.447970284399624,filled circle + circular ring,filled diamond + diamond ring,True
Gilded,map,sidebar-wash-0/hover/ring,selected / hovered,"[209.0, 158.0, 31.0]","[209.0, 181.0, 97.0]",6.984931036304617,"[156.92987200000002, 125.11752712, 45.215728]","[83.34499999999998, 69.44449999999999, 27.755000000000003]",23.77999335397152,filled square + square ring,filled diamond + diamond ring,False
Gilded,map,sidebar-wash-0/selected-current/fill,rest / current,"[172.0, 115.0, 57.0]","[209.0, 181.0, 97.0]",16.745901010195965,"[217.0, 179.0, 140.0]","[179.0, 140.0, 26.0]",16.104702787494492,filled circle; no ring,filled circle + circular ring,False
Gilded,map,sidebar-wash-0/selected-current/fill,rest / selected,"[172.0, 115.0, 57.0]","[209.0, 158.0, 31.0]",14.285023787217428,"[217.0, 179.0, 140.0]","[239.0, 190.0, 67.0]",13.090703489675857,filled circle; no ring,filled square + square ring,True
Gilded,map,sidebar-wash-0/selected-current/fill,rest / hovered,"[172.0, 115.0, 57.0]","[209.0, 181.0, 97.0]",16.745901010195965,"[217.0, 179.0, 140.0]","[119.0, 98.0, 34.0]",29.6585434544095,filled circle; no ring,filled diamond + diamond ring,False
Gilded,map,sidebar-wash-0/selected-current/fill,current / selected,"[209.0, 181.0, 97.0]","[209.0, 158.0, 31.0]",6.984931036304617,"[179.0, 140.0, 26.0]","[239.0, 190.0, 67.0]",14.835429448396189,filled circle + circular ring,filled square + square ring,True
Gilded,map,sidebar-wash-0/selected-current/fill,current / hovered,"[209.0, 181.0, 97.0]","[209.0, 181.0, 97.0]",0,"[179.0, 140.0, 26.0]","[119.0, 98.0, 34.0]",19.257499411468416,filled circle + circular ring,filled diamond + diamond ring,False
Gilded,map,sidebar-wash-0/selected-current/fill,selected / hovered,"[209.0, 158.0, 31.0]","[209.0, 181.0, 97.0]",6.984931036304617,"[239.0, 190.0, 67.0]","[119.0, 98.0, 34.0]",33.28409007174975,filled square + square ring,filled diamond + diamond ring,False
Gilded,map,sidebar-wash-0/selected-current/ring,rest / current,"[172.0, 115.0, 57.0]","[209.0, 181.0, 97.0]",16.745901010195965,"[217.0, 179.0, 140.0]","[120.92987199999999, 95.11752712, 20.615727999999997]",30.545634415666303,filled circle; no ring,filled circle + circular ring,False
Gilded,map,sidebar-wash-0/selected-current/ring,rest / selected,"[172.0, 115.0, 57.0]","[209.0, 158.0, 31.0]",14.285023787217428,"[217.0, 179.0, 140.0]","[156.92987200000002, 125.11752712, 45.215728]",18.86656843231492,filled circle; no ring,filled square + square ring,False
Gilded,map,sidebar-wash-0/selected-current/ring,rest / hovered,"[172.0, 115.0, 57.0]","[209.0, 181.0, 97.0]",16.745901010195965,"[217.0, 179.0, 140.0]","[75.39999999999999, 62.8, 24.400000000000002]",48.282433357386644,filled circle; no ring,filled diamond + diamond ring,False
Gilded,map,sidebar-wash-0/selected-current/ring,current / selected,"[209.0, 181.0, 97.0]","[209.0, 158.0, 31.0]",6.984931036304617,"[120.92987199999999, 95.11752712, 20.615727999999997]","[156.92987200000002, 125.11752712, 45.215728]",12.545807954684234,filled circle + circular ring,filled square + square ring,True
Gilded,map,sidebar-wash-0/selected-current/ring,current / hovered,"[209.0, 181.0, 97.0]","[209.0, 181.0, 97.0]",0,"[120.92987199999999, 95.11752712, 20.615727999999997]","[75.39999999999999, 62.8, 24.400000000000002]",14.28805930295411,filled circle + circular ring,filled diamond + diamond ring,True
Gilded,map,sidebar-wash-0/selected-current/ring,selected / hovered,"[209.0, 158.0, 31.0]","[209.0, 181.0, 97.0]",6.984931036304617,"[156.92987200000002, 125.11752712, 45.215728]","[75.39999999999999, 62.8, 24.400000000000002]",26.1292392641108,filled square + square ring,filled diamond + diamond ring,False
Gilded,map,sidebar-wash-0.07/rest/fill,rest / current,"[172.0, 115.0, 57.0]","[209.0, 181.0, 97.0]",16.745901010195965,"[217.0, 179.0, 140.0]","[179.0, 140.0, 26.0]",16.104702787494492,filled circle; no ring,filled circle + circular ring,False
Gilded,map,sidebar-wash-0.07/rest/fill,rest / selected,"[172.0, 115.0, 57.0]","[209.0, 158.0, 31.0]",14.285023787217428,"[217.0, 179.0, 140.0]","[239.0, 190.0, 67.0]",13.090703489675857,filled circle; no ring,filled square + square ring,True
Gilded,map,sidebar-wash-0.07/rest/fill,rest / hovered,"[172.0, 115.0, 57.0]","[209.0, 181.0, 97.0]",16.745901010195965,"[217.0, 179.0, 140.0]","[119.0, 98.0, 34.0]",29.6585434544095,filled circle; no ring,filled diamond + diamond ring,False
Gilded,map,sidebar-wash-0.07/rest/fill,current / selected,"[209.0, 181.0, 97.0]","[209.0, 158.0, 31.0]",6.984931036304617,"[179.0, 140.0, 26.0]","[239.0, 190.0, 67.0]",14.835429448396189,filled circle + circular ring,filled square + square ring,True
Gilded,map,sidebar-wash-0.07/rest/fill,current / hovered,"[209.0, 181.0, 97.0]","[209.0, 181.0, 97.0]",0,"[179.0, 140.0, 26.0]","[119.0, 98.0, 34.0]",19.257499411468416,filled circle + circular ring,filled diamond + diamond ring,False
Gilded,map,sidebar-wash-0.07/rest/fill,selected / hovered,"[209.0, 158.0, 31.0]","[209.0, 181.0, 97.0]",6.984931036304617,"[239.0, 190.0, 67.0]","[119.0, 98.0, 34.0]",33.28409007174975,filled square + square ring,filled diamond + diamond ring,False
Gilded,map,sidebar-wash-0.07/rest/ring,rest / current,"[172.0, 115.0, 57.0]","[209.0, 181.0, 97.0]",16.745901010195965,"[217.0, 179.0, 140.0]","[115.544, 89.00800000000001, 22.708000000000002]",32.89332465292399,filled circle; no ring,filled circle + circular ring,False
Gilded,map,sidebar-wash-0.07/rest/ring,rest / selected,"[172.0, 115.0, 57.0]","[209.0, 158.0, 31.0]",14.285023787217428,"[217.0, 179.0, 140.0]","[160.57659200000003, 126.00456711999999, 47.950768000000004]",18.225897958902237,filled circle; no ring,filled square + square ring,False
Gilded,map,sidebar-wash-0.07/rest/ring,rest / hovered,"[172.0, 115.0, 57.0]","[209.0, 181.0, 97.0]",16.745901010195965,"[217.0, 179.0, 140.0]","[79.544, 63.80800000000001, 27.508000000000003]",47.11985016902261,filled circle; no ring,filled diamond + diamond ring,False
Gilded,map,sidebar-wash-0.07/rest/ring,current / selected,"[209.0, 181.0, 97.0]","[209.0, 158.0, 31.0]",6.984931036304617,"[115.544, 89.00800000000001, 22.708000000000002]","[160.57659200000003, 126.00456711999999, 47.950768000000004]",15.559565693923963,filled circle + circular ring,filled square + square ring,False
Gilded,map,sidebar-wash-0.07/rest/ring,current / hovered,"[209.0, 181.0, 97.0]","[209.0, 181.0, 97.0]",0,"[115.544, 89.00800000000001, 22.708000000000002]","[79.544, 63.80800000000001, 27.508000000000003]",11.527512153085464,filled circle + circular ring,filled diamond + diamond ring,True
Gilded,map,sidebar-wash-0.07/rest/ring,selected / hovered,"[209.0, 158.0, 31.0]","[209.0, 181.0, 97.0]",6.984931036304617,"[160.57659200000003, 126.00456711999999, 47.950768000000004]","[79.544, 63.80800000000001, 27.508000000000003]",26.2899864512519,filled square + square ring,filled diamond + diamond ring,False
Gilded,map,sidebar-wash-0.07/hover/fill,rest / current,"[172.0, 115.0, 57.0]","[209.0, 181.0, 97.0]",16.745901010195965,"[217.0, 179.0, 140.0]","[179.0, 140.0, 26.0]",16.104702787494492,filled circle; no ring,filled circle + circular ring,False
Gilded,map,sidebar-wash-0.07/hover/fill,rest / selected,"[172.0, 115.0, 57.0]","[209.0, 158.0, 31.0]",14.285023787217428,"[217.0, 179.0, 140.0]","[239.0, 190.0, 67.0]",13.090703489675857,filled circle; no ring,filled square + square ring,True
Gilded,map,sidebar-wash-0.07/hover/fill,rest / hovered,"[172.0, 115.0, 57.0]","[209.0, 181.0, 97.0]",16.745901010195965,"[217.0, 179.0, 140.0]","[119.0, 98.0, 34.0]",29.6585434544095,filled circle; no ring,filled diamond + diamond ring,False
Gilded,map,sidebar-wash-0.07/hover/fill,current / selected,"[209.0, 181.0, 97.0]","[209.0, 158.0, 31.0]",6.984931036304617,"[179.0, 140.0, 26.0]","[239.0, 190.0, 67.0]",14.835429448396189,filled circle + circular ring,filled square + square ring,True
Gilded,map,sidebar-wash-0.07/hover/fill,current / hovered,"[209.0, 181.0, 97.0]","[209.0, 181.0, 97.0]",0,"[179.0, 140.0, 26.0]","[119.0, 98.0, 34.0]",19.257499411468416,filled circle + circular ring,filled diamond + diamond ring,False
Gilded,map,sidebar-wash-0.07/hover/fill,selected / hovered,"[209.0, 158.0, 31.0]","[209.0, 181.0, 97.0]",6.984931036304617,"[239.0, 190.0, 67.0]","[119.0, 98.0, 34.0]",33.28409007174975,filled square + square ring,filled diamond + diamond ring,False
Gilded,map,sidebar-wash-0.07/hover/ring,rest / current,"[172.0, 115.0, 57.0]","[209.0, 181.0, 97.0]",16.745901010195965,"[217.0, 179.0, 140.0]","[121.417, 95.14849999999998, 24.509]",30.35918859739184,filled circle; no ring,filled circle + circular ring,False
Gilded,map,sidebar-wash-0.07/hover/ring,rest / selected,"[172.0, 115.0, 57.0]","[209.0, 158.0, 31.0]",14.285023787217428,"[217.0, 179.0, 140.0]","[160.57659200000003, 126.00456711999999, 47.950768000000004]",18.225897958902237,filled circle; no ring,filled square + square ring,False
Gilded,map,sidebar-wash-0.07/hover/ring,rest / hovered,"[172.0, 115.0, 57.0]","[209.0, 181.0, 97.0]",16.745901010195965,"[217.0, 179.0, 140.0]","[85.41699999999999, 69.9485, 29.309]",43.81102230242037,filled circle; no ring,filled diamond + diamond ring,False
Gilded,map,sidebar-wash-0.07/hover/ring,current / selected,"[209.0, 181.0, 97.0]","[209.0, 158.0, 31.0]",6.984931036304617,"[121.417, 95.14849999999998, 24.509]","[160.57659200000003, 126.00456711999999, 47.950768000000004]",13.230972270296334,filled circle + circular ring,filled square + square ring,True
Gilded,map,sidebar-wash-0.07/hover/ring,current / hovered,"[209.0, 181.0, 97.0]","[209.0, 181.0, 97.0]",0,"[121.417, 95.14849999999998, 24.509]","[85.41699999999999, 69.9485, 29.309]",11.523156722201469,filled circle + circular ring,filled diamond + diamond ring,True
Gilded,map,sidebar-wash-0.07/hover/ring,selected / hovered,"[209.0, 158.0, 31.0]","[209.0, 181.0, 97.0]",6.984931036304617,"[160.57659200000003, 126.00456711999999, 47.950768000000004]","[85.41699999999999, 69.9485, 29.309]",24.218095433439792,filled square + square ring,filled diamond + diamond ring,False
Gilded,map,sidebar-wash-0.07/selected-current/fill,rest / current,"[172.0, 115.0, 57.0]","[209.0, 181.0, 97.0]",16.745901010195965,"[217.0, 179.0, 140.0]","[179.0, 140.0, 26.0]",16.104702787494492,filled circle; no ring,filled circle + circular ring,False
Gilded,map,sidebar-wash-0.07/selected-current/fill,rest / selected,"[172.0, 115.0, 57.0]","[209.0, 158.0, 31.0]",14.285023787217428,"[217.0, 179.0, 140.0]","[239.0, 190.0, 67.0]",13.090703489675857,filled circle; no ring,filled square + square ring,True
Gilded,map,sidebar-wash-0.07/selected-current/fill,rest / hovered,"[172.0, 115.0, 57.0]","[209.0, 181.0, 97.0]",16.745901010195965,"[217.0, 179.0, 140.0]","[119.0, 98.0, 34.0]",29.6585434544095,filled circle; no ring,filled diamond + diamond ring,False
Gilded,map,sidebar-wash-0.07/selected-current/fill,current / selected,"[209.0, 181.0, 97.0]","[209.0, 158.0, 31.0]",6.984931036304617,"[179.0, 140.0, 26.0]","[239.0, 190.0, 67.0]",14.835429448396189,filled circle + circular ring,filled square + square ring,True
Gilded,map,sidebar-wash-0.07/selected-current/fill,current / hovered,"[209.0, 181.0, 97.0]","[209.0, 181.0, 97.0]",0,"[179.0, 140.0, 26.0]","[119.0, 98.0, 34.0]",19.257499411468416,filled circle + circular ring,filled diamond + diamond ring,False
Gilded,map,sidebar-wash-0.07/selected-current/fill,selected / hovered,"[209.0, 158.0, 31.0]","[209.0, 181.0, 97.0]",6.984931036304617,"[239.0, 190.0, 67.0]","[119.0, 98.0, 34.0]",33.28409007174975,filled square + square ring,filled diamond + diamond ring,False
Gilded,map,sidebar-wash-0.07/selected-current/ring,rest / current,"[172.0, 115.0, 57.0]","[209.0, 181.0, 97.0]",16.745901010195965,"[217.0, 179.0, 140.0]","[124.57659199999998, 96.00456711999999, 23.350767999999995]",29.73407691097048,filled circle; no ring,filled circle + circular ring,False
Gilded,map,sidebar-wash-0.07/selected-current/ring,rest / selected,"[172.0, 115.0, 57.0]","[209.0, 158.0, 31.0]",14.285023787217428,"[217.0, 179.0, 140.0]","[160.57659200000003, 126.00456711999999, 47.950768000000004]",18.225897958902237,filled circle; no ring,filled square + square ring,False
Gilded,map,sidebar-wash-0.07/selected-current/ring,rest / hovered,"[172.0, 115.0, 57.0]","[209.0, 181.0, 97.0]",16.745901010195965,"[217.0, 179.0, 140.0]","[79.544, 63.80800000000001, 27.508000000000003]",47.11985016902261,filled circle; no ring,filled diamond + diamond ring,False
Gilded,map,sidebar-wash-0.07/selected-current/ring,current / selected,"[209.0, 181.0, 97.0]","[209.0, 158.0, 31.0]",6.984931036304617,"[124.57659199999998, 96.00456711999999, 23.350767999999995]","[160.57659200000003, 126.00456711999999, 47.950768000000004]",12.543819995779131,filled circle + circular ring,filled square + square ring,True
Gilded,map,sidebar-wash-0.07/selected-current/ring,current / hovered,"[209.0, 181.0, 97.0]","[209.0, 181.0, 97.0]",0,"[124.57659199999998, 96.00456711999999, 23.350767999999995]","[79.544, 63.80800000000001, 27.508000000000003]",14.38590746376498,filled circle + circular ring,filled diamond + diamond ring,True
Gilded,map,sidebar-wash-0.07/selected-current/ring,selected / hovered,"[209.0, 158.0, 31.0]","[209.0, 181.0, 97.0]",6.984931036304617,"[160.57659200000003, 126.00456711999999, 47.950768000000004]","[79.544, 63.80800000000001, 27.508000000000003]",26.2899864512519,filled square + square ring,filled diamond + diamond ring,False
Vector,memory,fill,normal / over,"[0, 234.0, 255]","[37.0, 175.0, 244.0]",14.400562025107334,"[0, 234.0, 255]","[37.0, 175.0, 244.0]",14.400562025107334,meter; warning absent,meter + AlertTriangle,True
Vector,delete,ready/rest,unarmed / armed,"[94.0, 179.0, 186.0]","[232.0, 48.0, 79.0]",34.05347569966836,"[94.0, 179.0, 186.0]","[232.0, 48.0, 79.0]",34.05347569966836,Trash2,AlertTriangle,False
Vector,delete,ready/hover,unarmed / armed,"[94.0, 179.0, 186.0]","[232.0, 48.0, 79.0]",34.05347569966836,"[94.0, 179.0, 186.0]","[232.0, 48.0, 79.0]",34.05347569966836,Trash2,AlertTriangle,False
Vector,delete,ready/focus,unarmed / armed,"[94.0, 179.0, 186.0]","[232.0, 48.0, 79.0]",34.05347569966836,"[94.0, 179.0, 186.0]","[232.0, 48.0, 79.0]",34.05347569966836,Trash2,AlertTriangle,False
Vector,delete,ready-exceeds/rest,unarmed / armed,"[36.150000000000006, 69.14999999999999, 71.6]","[84.45, 23.3, 34.15]",16.288622184505833,"[36.150000000000006, 69.14999999999999, 71.6]","[84.45, 23.3, 34.15]",16.288622184505833,Trash2,AlertTriangle,False
Vector,delete,ready-exceeds/hover,unarmed / armed,"[36.150000000000006, 69.14999999999999, 71.6]","[84.45, 23.3, 34.15]",16.288622184505833,"[36.150000000000006, 69.14999999999999, 71.6]","[84.45, 23.3, 34.15]",16.288622184505833,Trash2,AlertTriangle,False
Vector,delete,ready-exceeds/focus,unarmed / armed,"[36.150000000000006, 69.14999999999999, 71.6]","[84.45, 23.3, 34.15]",16.288622184505833,"[36.150000000000006, 69.14999999999999, 71.6]","[84.45, 23.3, 34.15]",16.288622184505833,Trash2,AlertTriangle,False
Vector,key,required/rest,optional-absent / required-missing,"[40.0, 72.5, 75.0]","[37.0, 175.0, 244.0]",40.508862310012084,"[31.5, 56.5, 58.0]","[37.0, 175.0, 244.0]",44.772587238672834,Circle,AlertTriangle,False
Vector,key,required/rest,optional-absent / present,"[40.0, 72.5, 75.0]","[94.0, 179.0, 186.0]",38.17051397298547,"[31.5, 56.5, 58.0]","[94.0, 179.0, 186.0]",42.55532530703648,Circle,CircleDot,False
Vector,key,required/rest,optional-absent / verified,"[40.0, 72.5, 75.0]","[0, 234.0, 255]",52.9115931723478,"[31.5, 56.5, 58.0]","[102.0, 242.0, 255]",63.56933872999876,Circle,CircleCheck,False
Vector,key,required/rest,required-missing / present,"[37.0, 175.0, 244.0]","[94.0, 179.0, 186.0]",13.678824449921757,"[37.0, 175.0, 244.0]","[94.0, 179.0, 186.0]",13.678824449921757,AlertTriangle,CircleDot,True
Vector,key,required/rest,required-missing / verified,"[37.0, 175.0, 244.0]","[0, 234.0, 255]",14.400562025107334,"[37.0, 175.0, 244.0]","[102.0, 242.0, 255]",18.242112424590594,AlertTriangle,CircleCheck,False
Vector,key,required/rest,present / verified,"[94.0, 179.0, 186.0]","[0, 234.0, 255]",13.440710254385486,"[94.0, 179.0, 186.0]","[102.0, 242.0, 255]",14.765415415945133,CircleDot,CircleCheck,True
Vector,key,required/hover,optional-absent / required-missing,"[71.0, 128.0, 133.0]","[37.0, 175.0, 244.0]",21.751019849897958,"[54.0, 96.0, 99.0]","[37.0, 175.0, 244.0]",33.018771791909465,Circle,AlertTriangle,False
Vector,key,required/hover,optional-absent / present,"[71.0, 128.0, 133.0]","[94.0, 179.0, 186.0]",16.21659789914882,"[54.0, 96.0, 99.0]","[94.0, 179.0, 186.0]",29.527180101056327,Circle,CircleDot,False
Vector,key,required/hover,optional-absent / verified,"[71.0, 128.0, 133.0]","[0, 234.0, 255]",28.730693520131815,"[54.0, 96.0, 99.0]","[102.0, 242.0, 255]",43.15622726741321,Circle,CircleCheck,False
Vector,key,required/hover,required-missing / present,"[37.0, 175.0, 244.0]","[94.0, 179.0, 186.0]",13.678824449921757,"[37.0, 175.0, 244.0]","[94.0, 179.0, 186.0]",13.678824449921757,AlertTriangle,CircleDot,True
Vector,key,required/hover,required-missing / verified,"[37.0, 175.0, 244.0]","[0, 234.0, 255]",14.400562025107334,"[37.0, 175.0, 244.0]","[102.0, 242.0, 255]",18.242112424590594,AlertTriangle,CircleCheck,False
Vector,key,required/hover,present / verified,"[94.0, 179.0, 186.0]","[0, 234.0, 255]",13.440710254385486,"[94.0, 179.0, 186.0]","[102.0, 242.0, 255]",14.765415415945133,CircleDot,CircleCheck,True
Vector,key,required/focus,optional-absent / required-missing,"[71.0, 128.0, 133.0]","[37.0, 175.0, 244.0]",21.751019849897958,"[54.0, 96.0, 99.0]","[37.0, 175.0, 244.0]",33.018771791909465,Circle,AlertTriangle,False
Vector,key,required/focus,optional-absent / present,"[71.0, 128.0, 133.0]","[94.0, 179.0, 186.0]",16.21659789914882,"[54.0, 96.0, 99.0]","[94.0, 179.0, 186.0]",29.527180101056327,Circle,CircleDot,False
Vector,key,required/focus,optional-absent / verified,"[71.0, 128.0, 133.0]","[0, 234.0, 255]",28.730693520131815,"[54.0, 96.0, 99.0]","[102.0, 242.0, 255]",43.15622726741321,Circle,CircleCheck,False
Vector,key,required/focus,required-missing / present,"[37.0, 175.0, 244.0]","[94.0, 179.0, 186.0]",13.678824449921757,"[37.0, 175.0, 244.0]","[94.0, 179.0, 186.0]",13.678824449921757,AlertTriangle,CircleDot,True
Vector,key,required/focus,required-missing / verified,"[37.0, 175.0, 244.0]","[0, 234.0, 255]",14.400562025107334,"[37.0, 175.0, 244.0]","[102.0, 242.0, 255]",18.242112424590594,AlertTriangle,CircleCheck,False
Vector,key,required/focus,present / verified,"[94.0, 179.0, 186.0]","[0, 234.0, 255]",13.440710254385486,"[94.0, 179.0, 186.0]","[102.0, 242.0, 255]",14.765415415945133,CircleDot,CircleCheck,True
Vector,key,optional/rest,optional-absent / required-missing,"[40.0, 72.5, 75.0]","[37.0, 175.0, 244.0]",40.508862310012084,"[31.5, 56.5, 58.0]","[37.0, 175.0, 244.0]",44.772587238672834,Circle,AlertTriangle,False
Vector,key,optional/rest,optional-absent / present,"[40.0, 72.5, 75.0]","[51.5, 97.99999999999999, 101.5]",7.952721884065966,"[31.5, 56.5, 58.0]","[51.5, 97.99999999999999, 101.5]",12.79465532917297,Circle,CircleDot,True
Vector,key,optional/rest,optional-absent / verified,"[40.0, 72.5, 75.0]","[4.5, 125.5, 136.0]",16.77916319435311,"[31.5, 56.5, 58.0]","[55.5, 129.5, 136.0]",23.108429534367964,Circle,CircleCheck,False
Vector,key,optional/rest,required-missing / present,"[37.0, 175.0, 244.0]","[51.5, 97.99999999999999, 101.5]",32.26411343110984,"[37.0, 175.0, 244.0]","[51.5, 97.99999999999999, 101.5]",32.26411343110984,AlertTriangle,CircleDot,False
Vector,key,optional/rest,required-missing / verified,"[37.0, 175.0, 244.0]","[4.5, 125.5, 136.0]",21.794962703336843,"[37.0, 175.0, 244.0]","[55.5, 129.5, 136.0]",21.018846634951117,AlertTriangle,CircleCheck,False
Vector,key,optional/rest,present / verified,"[51.5, 97.99999999999999, 101.5]","[4.5, 125.5, 136.0]",9.259504995581912,"[51.5, 97.99999999999999, 101.5]","[55.5, 129.5, 136.0]",10.525589448047159,CircleDot,CircleCheck,True
Vector,key,optional/hover,optional-absent / required-missing,"[71.0, 128.0, 133.0]","[37.0, 175.0, 244.0]",21.751019849897958,"[54.0, 96.0, 99.0]","[37.0, 175.0, 244.0]",33.018771791909465,Circle,AlertTriangle,False
Vector,key,optional/hover,optional-absent / present,"[71.0, 128.0, 133.0]","[94.0, 179.0, 186.0]",16.21659789914882,"[54.0, 96.0, 99.0]","[94.0, 179.0, 186.0]",29.527180101056327,Circle,CircleDot,False
Vector,key,optional/hover,optional-absent / verified,"[71.0, 128.0, 133.0]","[0, 234.0, 255]",28.730693520131815,"[54.0, 96.0, 99.0]","[102.0, 242.0, 255]",43.15622726741321,Circle,CircleCheck,False
Vector,key,optional/hover,required-missing / present,"[37.0, 175.0, 244.0]","[94.0, 179.0, 186.0]",13.678824449921757,"[37.0, 175.0, 244.0]","[94.0, 179.0, 186.0]",13.678824449921757,AlertTriangle,CircleDot,True
Vector,key,optional/hover,required-missing / verified,"[37.0, 175.0, 244.0]","[0, 234.0, 255]",14.400562025107334,"[37.0, 175.0, 244.0]","[102.0, 242.0, 255]",18.242112424590594,AlertTriangle,CircleCheck,False
Vector,key,optional/hover,present / verified,"[94.0, 179.0, 186.0]","[0, 234.0, 255]",13.440710254385486,"[94.0, 179.0, 186.0]","[102.0, 242.0, 255]",14.765415415945133,CircleDot,CircleCheck,True
Vector,key,optional/focus,optional-absent / required-missing,"[71.0, 128.0, 133.0]","[37.0, 175.0, 244.0]",21.751019849897958,"[54.0, 96.0, 99.0]","[37.0, 175.0, 244.0]",33.018771791909465,Circle,AlertTriangle,False
Vector,key,optional/focus,optional-absent / present,"[71.0, 128.0, 133.0]","[94.0, 179.0, 186.0]",16.21659789914882,"[54.0, 96.0, 99.0]","[94.0, 179.0, 186.0]",29.527180101056327,Circle,CircleDot,False
Vector,key,optional/focus,optional-absent / verified,"[71.0, 128.0, 133.0]","[0, 234.0, 255]",28.730693520131815,"[54.0, 96.0, 99.0]","[102.0, 242.0, 255]",43.15622726741321,Circle,CircleCheck,False
Vector,key,optional/focus,required-missing / present,"[37.0, 175.0, 244.0]","[94.0, 179.0, 186.0]",13.678824449921757,"[37.0, 175.0, 244.0]","[94.0, 179.0, 186.0]",13.678824449921757,AlertTriangle,CircleDot,True
Vector,key,optional/focus,required-missing / verified,"[37.0, 175.0, 244.0]","[0, 234.0, 255]",14.400562025107334,"[37.0, 175.0, 244.0]","[102.0, 242.0, 255]",18.242112424590594,AlertTriangle,CircleCheck,False
Vector,key,optional/focus,present / verified,"[94.0, 179.0, 186.0]","[0, 234.0, 255]",13.440710254385486,"[94.0, 179.0, 186.0]","[102.0, 242.0, 255]",14.765415415945133,CircleDot,CircleCheck,True
Vector,map,canvas-sea/fill,rest / current,"[37.0, 175.0, 244.0]","[71.0, 207.0, 235.0]",10.173363956442412,"[0, 136.0, 204.0]","[0, 170.0, 204.0]",10.766655110054483,filled circle; no ring,filled circle + circular ring,True
Vector,map,canvas-sea/fill,rest / selected,"[37.0, 175.0, 244.0]","[0, 234.0, 255]",14.400562025107334,"[0, 136.0, 204.0]","[0, 234.0, 255]",25.35250540101818,filled circle; no ring,filled square + square ring,False
Vector,map,canvas-sea/fill,rest / hovered,"[37.0, 175.0, 244.0]","[71.0, 207.0, 235.0]",10.173363956442412,"[0, 136.0, 204.0]","[15.0, 117.0, 138.0]",12.40680336551337,filled circle; no ring,filled diamond + diamond ring,True
Vector,map,canvas-sea/fill,current / selected,"[71.0, 207.0, 235.0]","[0, 234.0, 255]",5.099940103395483,"[0, 170.0, 204.0]","[0, 234.0, 255]",15.384905652620265,filled circle + circular ring,filled square + square ring,False
Vector,map,canvas-sea/fill,current / hovered,"[71.0, 207.0, 235.0]","[71.0, 207.0, 235.0]",0,"[0, 170.0, 204.0]","[15.0, 117.0, 138.0]",18.577079770837187,filled circle + circular ring,filled diamond + diamond ring,False
Vector,map,canvas-sea/fill,selected / hovered,"[0, 234.0, 255]","[71.0, 207.0, 235.0]",5.099940103395483,"[0, 234.0, 255]","[15.0, 117.0, 138.0]",32.91418286885795,filled square + square ring,filled diamond + diamond ring,False
Vector,map,canvas-sea/ring,rest / current,"[37.0, 175.0, 244.0]","[45.4, 129.4, 146.2]",19.039072615373946,"[0, 136.0, 204.0]","[2.8000000000000003, 107.19999999999999, 127.6]",14.96899248778993,filled circle; no ring,filled circle + circular ring,True
Vector,map,canvas-sea/ring,rest / selected,"[37.0, 175.0, 244.0]","[2.8000000000000003, 145.6, 158.2]",15.49571640628053,"[0, 136.0, 204.0]","[2.8000000000000003, 145.6, 158.2]",10.764048154153873,filled circle; no ring,filled square + square ring,True
Vector,map,canvas-sea/ring,rest / hovered,"[37.0, 175.0, 244.0]","[45.4, 129.4, 146.2]",19.039072615373946,"[0, 136.0, 204.0]","[11.799999999999999, 75.39999999999999, 87.99999999999999]",24.581386822922912,filled circle; no ring,filled diamond + diamond ring,False
Vector,map,canvas-sea/ring,current / selected,"[45.4, 129.4, 146.2]","[2.8000000000000003, 145.6, 158.2]",4.56426675691907,"[2.8000000000000003, 107.19999999999999, 127.6]","[2.8000000000000003, 145.6, 158.2]",12.848325340855785,filled circle + circular ring,filled square + square ring,True
Vector,map,canvas-sea/ring,current / hovered,"[45.4, 129.4, 146.2]","[45.4, 129.4, 146.2]",0,"[2.8000000000000003, 107.19999999999999, 127.6]","[11.799999999999999, 75.39999999999999, 87.99999999999999]",10.252031506324341,filled circle + circular ring,filled diamond + diamond ring,True
Vector,map,canvas-sea/ring,selected / hovered,"[2.8000000000000003, 145.6, 158.2]","[45.4, 129.4, 146.2]",4.56426675691907,"[2.8000000000000003, 145.6, 158.2]","[11.799999999999999, 75.39999999999999, 87.99999999999999]",22.347195984474833,filled square + square ring,filled diamond + diamond ring,False
Vector,map,canvas-land/fill,rest / current,"[37.0, 175.0, 244.0]","[71.0, 207.0, 235.0]",10.173363956442412,"[0, 136.0, 204.0]","[0, 170.0, 204.0]",10.766655110054483,filled circle; no ring,filled circle + circular ring,True
Vector,map,canvas-land/fill,rest / selected,"[37.0, 175.0, 244.0]","[0, 234.0, 255]",14.400562025107334,"[0, 136.0, 204.0]","[0, 234.0, 255]",25.35250540101818,filled circle; no ring,filled square + square ring,False
Vector,map,canvas-land/fill,rest / hovered,"[37.0, 175.0, 244.0]","[71.0, 207.0, 235.0]",10.173363956442412,"[0, 136.0, 204.0]","[15.0, 117.0, 138.0]",12.40680336551337,filled circle; no ring,filled diamond + diamond ring,True
Vector,map,canvas-land/fill,current / selected,"[71.0, 207.0, 235.0]","[0, 234.0, 255]",5.099940103395483,"[0, 170.0, 204.0]","[0, 234.0, 255]",15.384905652620265,filled circle + circular ring,filled square + square ring,False
Vector,map,canvas-land/fill,current / hovered,"[71.0, 207.0, 235.0]","[71.0, 207.0, 235.0]",0,"[0, 170.0, 204.0]","[15.0, 117.0, 138.0]",18.577079770837187,filled circle + circular ring,filled diamond + diamond ring,False
Vector,map,canvas-land/fill,selected / hovered,"[0, 234.0, 255]","[71.0, 207.0, 235.0]",5.099940103395483,"[0, 234.0, 255]","[15.0, 117.0, 138.0]",32.91418286885795,filled square + square ring,filled diamond + diamond ring,False
Vector,map,canvas-land/ring,rest / current,"[37.0, 175.0, 244.0]","[44.99904, 143.615394, 161.77535999999998]",14.782578317178176,"[0, 136.0, 204.0]","[2.39904, 121.41539399999999, 143.17535999999998]",11.233738378290358,filled circle; no ring,filled circle + circular ring,True
Vector,map,canvas-land/ring,rest / selected,"[37.0, 175.0, 244.0]","[2.39904, 159.815394, 173.77535999999998]",12.086272726828081,"[0, 136.0, 204.0]","[2.39904, 159.815394, 173.77535999999998]",11.551953431296008,filled circle; no ring,filled square + square ring,True
Vector,map,canvas-land/ring,rest / hovered,"[37.0, 175.0, 244.0]","[44.99904, 143.615394, 161.77535999999998]",14.782578317178176,"[0, 136.0, 204.0]","[11.39904, 89.615394, 103.57535999999999]",20.691637978901014,filled circle; no ring,filled diamond + diamond ring,False
Vector,map,canvas-land/ring,current / selected,"[44.99904, 143.615394, 161.77535999999998]","[2.39904, 159.815394, 173.77535999999998]",4.332007568360849,"[2.39904, 121.41539399999999, 143.17535999999998]","[2.39904, 159.815394, 173.77535999999998]",12.975328950278605,filled circle + circular ring,filled square + square ring,True
Vector,map,canvas-land/ring,current / hovered,"[44.99904, 143.615394, 161.77535999999998]","[44.99904, 143.615394, 161.77535999999998]",0,"[2.39904, 121.41539399999999, 143.17535999999998]","[11.39904, 89.615394, 103.57535999999999]",10.607698021047225,filled circle + circular ring,filled diamond + diamond ring,True
Vector,map,canvas-land/ring,selected / hovered,"[2.39904, 159.815394, 173.77535999999998]","[44.99904, 143.615394, 161.77535999999998]",4.332007568360849,"[2.39904, 159.815394, 173.77535999999998]","[11.39904, 89.615394, 103.57535999999999]",23.60260074260204,filled square + square ring,filled diamond + diamond ring,False
Vector,map,sidebar-wash-0/rest/fill,rest / current,"[37.0, 175.0, 244.0]","[71.0, 207.0, 235.0]",10.173363956442412,"[0, 136.0, 204.0]","[0, 170.0, 204.0]",10.766655110054483,filled circle; no ring,filled circle + circular ring,True
Vector,map,sidebar-wash-0/rest/fill,rest / selected,"[37.0, 175.0, 244.0]","[0, 234.0, 255]",14.400562025107334,"[0, 136.0, 204.0]","[0, 234.0, 255]",25.35250540101818,filled circle; no ring,filled square + square ring,False
Vector,map,sidebar-wash-0/rest/fill,rest / hovered,"[37.0, 175.0, 244.0]","[71.0, 207.0, 235.0]",10.173363956442412,"[0, 136.0, 204.0]","[15.0, 117.0, 138.0]",12.40680336551337,filled circle; no ring,filled diamond + diamond ring,True
Vector,map,sidebar-wash-0/rest/fill,current / selected,"[71.0, 207.0, 235.0]","[0, 234.0, 255]",5.099940103395483,"[0, 170.0, 204.0]","[0, 234.0, 255]",15.384905652620265,filled circle + circular ring,filled square + square ring,False
Vector,map,sidebar-wash-0/rest/fill,current / hovered,"[71.0, 207.0, 235.0]","[71.0, 207.0, 235.0]",0,"[0, 170.0, 204.0]","[15.0, 117.0, 138.0]",18.577079770837187,filled circle + circular ring,filled diamond + diamond ring,False
Vector,map,sidebar-wash-0/rest/fill,selected / hovered,"[0, 234.0, 255]","[71.0, 207.0, 235.0]",5.099940103395483,"[0, 234.0, 255]","[15.0, 117.0, 138.0]",32.91418286885795,filled square + square ring,filled diamond + diamond ring,False
Vector,map,sidebar-wash-0/rest/ring,rest / current,"[37.0, 175.0, 244.0]","[71.0, 207.0, 235.0]",10.173363956442412,"[0, 136.0, 204.0]","[2.0, 105.99999999999999, 126.39999999999999]",15.279341404094243,filled circle; no ring,filled circle + circular ring,False
Vector,map,sidebar-wash-0/rest/ring,rest / selected,"[37.0, 175.0, 244.0]","[0, 234.0, 255]",14.400562025107334,"[0, 136.0, 204.0]","[1.7599999999999998, 155.14000407999998, 168.76]",11.069738219770608,filled circle; no ring,filled square + square ring,True
Vector,map,sidebar-wash-0/rest/ring,rest / hovered,"[37.0, 175.0, 244.0]","[71.0, 207.0, 235.0]",10.173363956442412,"[0, 136.0, 204.0]","[11.0, 74.19999999999999, 86.79999999999998]",24.890184410101853,filled circle; no ring,filled diamond + diamond ring,False
Vector,map,sidebar-wash-0/rest/ring,current / selected,"[71.0, 207.0, 235.0]","[0, 234.0, 255]",5.099940103395483,"[2.0, 105.99999999999999, 126.39999999999999]","[1.7599999999999998, 155.14000407999998, 168.76]",16.717310343411153,filled circle + circular ring,filled square + square ring,False
Vector,map,sidebar-wash-0/rest/ring,current / hovered,"[71.0, 207.0, 235.0]","[71.0, 207.0, 235.0]",0,"[2.0, 105.99999999999999, 126.39999999999999]","[11.0, 74.19999999999999, 86.79999999999998]",10.225707612460209,filled circle + circular ring,filled diamond + diamond ring,True
Vector,map,sidebar-wash-0/rest/ring,selected / hovered,"[0, 234.0, 255]","[71.0, 207.0, 235.0]",5.099940103395483,"[1.7599999999999998, 155.14000407999998, 168.76]","[11.0, 74.19999999999999, 86.79999999999998]",26.22194819345708,filled square + square ring,filled diamond + diamond ring,False
Vector,map,sidebar-wash-0/hover/fill,rest / current,"[37.0, 175.0, 244.0]","[71.0, 207.0, 235.0]",10.173363956442412,"[0, 136.0, 204.0]","[0, 170.0, 204.0]",10.766655110054483,filled circle; no ring,filled circle + circular ring,True
Vector,map,sidebar-wash-0/hover/fill,rest / selected,"[37.0, 175.0, 244.0]","[0, 234.0, 255]",14.400562025107334,"[0, 136.0, 204.0]","[0, 234.0, 255]",25.35250540101818,filled circle; no ring,filled square + square ring,False
Vector,map,sidebar-wash-0/hover/fill,rest / hovered,"[37.0, 175.0, 244.0]","[71.0, 207.0, 235.0]",10.173363956442412,"[0, 136.0, 204.0]","[15.0, 117.0, 138.0]",12.40680336551337,filled circle; no ring,filled diamond + diamond ring,True
Vector,map,sidebar-wash-0/hover/fill,current / selected,"[71.0, 207.0, 235.0]","[0, 234.0, 255]",5.099940103395483,"[0, 170.0, 204.0]","[0, 234.0, 255]",15.384905652620265,filled circle + circular ring,filled square + square ring,False
Vector,map,sidebar-wash-0/hover/fill,current / hovered,"[71.0, 207.0, 235.0]","[71.0, 207.0, 235.0]",0,"[0, 170.0, 204.0]","[15.0, 117.0, 138.0]",18.577079770837187,filled circle + circular ring,filled diamond + diamond ring,False
Vector,map,sidebar-wash-0/hover/fill,selected / hovered,"[0, 234.0, 255]","[71.0, 207.0, 235.0]",5.099940103395483,"[0, 234.0, 255]","[15.0, 117.0, 138.0]",32.91418286885795,filled square + square ring,filled diamond + diamond ring,False
Vector,map,sidebar-wash-0/hover/ring,rest / current,"[37.0, 175.0, 244.0]","[71.0, 207.0, 235.0]",10.173363956442412,"[0, 136.0, 204.0]","[4.57, 114.114983, 135.10999999999999]",13.110342872436393,filled circle; no ring,filled circle + circular ring,True
Vector,map,sidebar-wash-0/hover/ring,rest / selected,"[37.0, 175.0, 244.0]","[0, 234.0, 255]",14.400562025107334,"[0, 136.0, 204.0]","[1.7599999999999998, 155.14000407999998, 168.76]",11.069738219770608,filled circle; no ring,filled square + square ring,True
Vector,map,sidebar-wash-0/hover/ring,rest / hovered,"[37.0, 175.0, 244.0]","[71.0, 207.0, 235.0]",10.173363956442412,"[0, 136.0, 204.0]","[13.57, 82.31498299999998, 95.50999999999998]",22.69782854283192,filled circle; no ring,filled diamond + diamond ring,False
Vector,map,sidebar-wash-0/hover/ring,current / selected,"[71.0, 207.0, 235.0]","[0, 234.0, 255]",5.099940103395483,"[4.57, 114.114983, 135.10999999999999]","[1.7599999999999998, 155.14000407999998, 168.76]",13.995648127591833,filled circle + circular ring,filled square + square ring,True
Vector,map,sidebar-wash-0/hover/ring,current / hovered,"[71.0, 207.0, 235.0]","[71.0, 207.0, 235.0]",0,"[4.57, 114.114983, 135.10999999999999]","[13.57, 82.31498299999998, 95.50999999999998]",10.407977141354811,filled circle + circular ring,filled diamond + diamond ring,True
Vector,map,sidebar-wash-0/hover/ring,selected / hovered,"[0, 234.0, 255]","[71.0, 207.0, 235.0]",5.099940103395483,"[1.7599999999999998, 155.14000407999998, 168.76]","[13.57, 82.31498299999998, 95.50999999999998]",23.895829555917786,filled square + square ring,filled diamond + diamond ring,False
Vector,map,sidebar-wash-0/selected-current/fill,rest / current,"[37.0, 175.0, 244.0]","[71.0, 207.0, 235.0]",10.173363956442412,"[0, 136.0, 204.0]","[0, 170.0, 204.0]",10.766655110054483,filled circle; no ring,filled circle + circular ring,True
Vector,map,sidebar-wash-0/selected-current/fill,rest / selected,"[37.0, 175.0, 244.0]","[0, 234.0, 255]",14.400562025107334,"[0, 136.0, 204.0]","[0, 234.0, 255]",25.35250540101818,filled circle; no ring,filled square + square ring,False
Vector,map,sidebar-wash-0/selected-current/fill,rest / hovered,"[37.0, 175.0, 244.0]","[71.0, 207.0, 235.0]",10.173363956442412,"[0, 136.0, 204.0]","[15.0, 117.0, 138.0]",12.40680336551337,filled circle; no ring,filled diamond + diamond ring,True
Vector,map,sidebar-wash-0/selected-current/fill,current / selected,"[71.0, 207.0, 235.0]","[0, 234.0, 255]",5.099940103395483,"[0, 170.0, 204.0]","[0, 234.0, 255]",15.384905652620265,filled circle + circular ring,filled square + square ring,False
Vector,map,sidebar-wash-0/selected-current/fill,current / hovered,"[71.0, 207.0, 235.0]","[71.0, 207.0, 235.0]",0,"[0, 170.0, 204.0]","[15.0, 117.0, 138.0]",18.577079770837187,filled circle + circular ring,filled diamond + diamond ring,False
Vector,map,sidebar-wash-0/selected-current/fill,selected / hovered,"[0, 234.0, 255]","[71.0, 207.0, 235.0]",5.099940103395483,"[0, 234.0, 255]","[15.0, 117.0, 138.0]",32.91418286885795,filled square + square ring,filled diamond + diamond ring,False
Vector,map,sidebar-wash-0/selected-current/ring,rest / current,"[37.0, 175.0, 244.0]","[71.0, 207.0, 235.0]",10.173363956442412,"[0, 136.0, 204.0]","[1.7599999999999998, 116.74000407999999, 138.16]",12.389342413250674,filled circle; no ring,filled circle + circular ring,True
Vector,map,sidebar-wash-0/selected-current/ring,rest / selected,"[37.0, 175.0, 244.0]","[0, 234.0, 255]",14.400562025107334,"[0, 136.0, 204.0]","[1.7599999999999998, 155.14000407999998, 168.76]",11.069738219770608,filled circle; no ring,filled square + square ring,True
Vector,map,sidebar-wash-0/selected-current/ring,rest / hovered,"[37.0, 175.0, 244.0]","[71.0, 207.0, 235.0]",10.173363956442412,"[0, 136.0, 204.0]","[11.0, 74.19999999999999, 86.79999999999998]",24.890184410101853,filled circle; no ring,filled diamond + diamond ring,False
Vector,map,sidebar-wash-0/selected-current/ring,current / selected,"[71.0, 207.0, 235.0]","[0, 234.0, 255]",5.099940103395483,"[1.7599999999999998, 116.74000407999999, 138.16]","[1.7599999999999998, 155.14000407999998, 168.76]",13.123059028064892,filled circle + circular ring,filled square + square ring,True
Vector,map,sidebar-wash-0/selected-current/ring,current / hovered,"[71.0, 207.0, 235.0]","[71.0, 207.0, 235.0]",0,"[1.7599999999999998, 116.74000407999999, 138.16]","[11.0, 74.19999999999999, 86.79999999999998]",13.65969126861837,filled circle + circular ring,filled diamond + diamond ring,True
Vector,map,sidebar-wash-0/selected-current/ring,selected / hovered,"[0, 234.0, 255]","[71.0, 207.0, 235.0]",5.099940103395483,"[1.7599999999999998, 155.14000407999998, 168.76]","[11.0, 74.19999999999999, 86.79999999999998]",26.22194819345708,filled square + square ring,filled diamond + diamond ring,False
Vector,map,sidebar-wash-0.07/rest/fill,rest / current,"[37.0, 175.0, 244.0]","[71.0, 207.0, 235.0]",10.173363956442412,"[0, 136.0, 204.0]","[0, 170.0, 204.0]",10.766655110054483,filled circle; no ring,filled circle + circular ring,True
Vector,map,sidebar-wash-0.07/rest/fill,rest / selected,"[37.0, 175.0, 244.0]","[0, 234.0, 255]",14.400562025107334,"[0, 136.0, 204.0]","[0, 234.0, 255]",25.35250540101818,filled circle; no ring,filled square + square ring,False
Vector,map,sidebar-wash-0.07/rest/fill,rest / hovered,"[37.0, 175.0, 244.0]","[71.0, 207.0, 235.0]",10.173363956442412,"[0, 136.0, 204.0]","[15.0, 117.0, 138.0]",12.40680336551337,filled circle; no ring,filled diamond + diamond ring,True
Vector,map,sidebar-wash-0.07/rest/fill,current / selected,"[71.0, 207.0, 235.0]","[0, 234.0, 255]",5.099940103395483,"[0, 170.0, 204.0]","[0, 234.0, 255]",15.384905652620265,filled circle + circular ring,filled square + square ring,False
Vector,map,sidebar-wash-0.07/rest/fill,current / hovered,"[71.0, 207.0, 235.0]","[71.0, 207.0, 235.0]",0,"[0, 170.0, 204.0]","[15.0, 117.0, 138.0]",18.577079770837187,filled circle + circular ring,filled diamond + diamond ring,False
Vector,map,sidebar-wash-0.07/rest/fill,selected / hovered,"[0, 234.0, 255]","[71.0, 207.0, 235.0]",5.099940103395483,"[0, 234.0, 255]","[15.0, 117.0, 138.0]",32.91418286885795,filled square + square ring,filled diamond + diamond ring,False
Vector,map,sidebar-wash-0.07/rest/ring,rest / current,"[37.0, 175.0, 244.0]","[71.0, 207.0, 235.0]",10.173363956442412,"[0, 136.0, 204.0]","[6.284000000000001, 107.008, 129.508]",14.618683401678188,filled circle; no ring,filled circle + circular ring,True
Vector,map,sidebar-wash-0.07/rest/ring,rest / selected,"[37.0, 175.0, 244.0]","[0, 234.0, 255]",14.400562025107334,"[0, 136.0, 204.0]","[5.52992, 156.02704408, 171.49504]",10.798616926922774,filled circle; no ring,filled square + square ring,True
Vector,map,sidebar-wash-0.07/rest/ring,rest / hovered,"[37.0, 175.0, 244.0]","[71.0, 207.0, 235.0]",10.173363956442412,"[0, 136.0, 204.0]","[15.284, 75.208, 89.90799999999999]",24.227341203769786,filled circle; no ring,filled diamond + diamond ring,False
Vector,map,sidebar-wash-0.07/rest/ring,current / selected,"[71.0, 207.0, 235.0]","[0, 234.0, 255]",5.099940103395483,"[6.284000000000001, 107.008, 129.508]","[5.52992, 156.02704408, 171.49504]",16.6920184572461,filled circle + circular ring,filled square + square ring,False
Vector,map,sidebar-wash-0.07/rest/ring,current / hovered,"[71.0, 207.0, 235.0]","[71.0, 207.0, 235.0]",0,"[6.284000000000001, 107.008, 129.508]","[15.284, 75.208, 89.90799999999999]",10.192991321299218,filled circle + circular ring,filled diamond + diamond ring,True
Vector,map,sidebar-wash-0.07/rest/ring,selected / hovered,"[0, 234.0, 255]","[71.0, 207.0, 235.0]",5.099940103395483,"[5.52992, 156.02704408, 171.49504]","[15.284, 75.208, 89.90799999999999]",26.218184536438255,filled square + square ring,filled diamond + diamond ring,False
Vector,map,sidebar-wash-0.07/hover/fill,rest / current,"[37.0, 175.0, 244.0]","[71.0, 207.0, 235.0]",10.173363956442412,"[0, 136.0, 204.0]","[0, 170.0, 204.0]",10.766655110054483,filled circle; no ring,filled circle + circular ring,True
Vector,map,sidebar-wash-0.07/hover/fill,rest / selected,"[37.0, 175.0, 244.0]","[0, 234.0, 255]",14.400562025107334,"[0, 136.0, 204.0]","[0, 234.0, 255]",25.35250540101818,filled circle; no ring,filled square + square ring,False
Vector,map,sidebar-wash-0.07/hover/fill,rest / hovered,"[37.0, 175.0, 244.0]","[71.0, 207.0, 235.0]",10.173363956442412,"[0, 136.0, 204.0]","[15.0, 117.0, 138.0]",12.40680336551337,filled circle; no ring,filled diamond + diamond ring,True
Vector,map,sidebar-wash-0.07/hover/fill,current / selected,"[71.0, 207.0, 235.0]","[0, 234.0, 255]",5.099940103395483,"[0, 170.0, 204.0]","[0, 234.0, 255]",15.384905652620265,filled circle + circular ring,filled square + square ring,False
Vector,map,sidebar-wash-0.07/hover/fill,current / hovered,"[71.0, 207.0, 235.0]","[71.0, 207.0, 235.0]",0,"[0, 170.0, 204.0]","[15.0, 117.0, 138.0]",18.577079770837187,filled circle + circular ring,filled diamond + diamond ring,False
Vector,map,sidebar-wash-0.07/hover/fill,selected / hovered,"[0, 234.0, 255]","[71.0, 207.0, 235.0]",5.099940103395483,"[0, 234.0, 255]","[15.0, 117.0, 138.0]",32.91418286885795,filled square + square ring,filled diamond + diamond ring,False
Vector,map,sidebar-wash-0.07/hover/ring,rest / current,"[37.0, 175.0, 244.0]","[71.0, 207.0, 235.0]",10.173363956442412,"[0, 136.0, 204.0]","[6.712, 114.618983, 136.664]",12.772432986383595,filled circle; no ring,filled circle + circular ring,True
Vector,map,sidebar-wash-0.07/hover/ring,rest / selected,"[37.0, 175.0, 244.0]","[0, 234.0, 255]",14.400562025107334,"[0, 136.0, 204.0]","[5.52992, 156.02704408, 171.49504]",10.798616926922774,filled circle; no ring,filled square + square ring,True
Vector,map,sidebar-wash-0.07/hover/ring,rest / hovered,"[37.0, 175.0, 244.0]","[71.0, 207.0, 235.0]",10.173363956442412,"[0, 136.0, 204.0]","[15.712, 82.81898299999999, 97.06399999999998]",22.360602042084395,filled circle; no ring,filled diamond + diamond ring,False
Vector,map,sidebar-wash-0.07/hover/ring,current / selected,"[71.0, 207.0, 235.0]","[0, 234.0, 255]",5.099940103395483,"[6.712, 114.618983, 136.664]","[5.52992, 156.02704408, 171.49504]",14.144753245210008,filled circle + circular ring,filled square + square ring,True
Vector,map,sidebar-wash-0.07/hover/ring,current / hovered,"[71.0, 207.0, 235.0]","[71.0, 207.0, 235.0]",0,"[6.712, 114.618983, 136.664]","[15.712, 82.81898299999999, 97.06399999999998]",10.394781907902608,filled circle + circular ring,filled diamond + diamond ring,True
Vector,map,sidebar-wash-0.07/hover/ring,selected / hovered,"[0, 234.0, 255]","[71.0, 207.0, 235.0]",5.099940103395483,"[5.52992, 156.02704408, 171.49504]","[15.712, 82.81898299999999, 97.06399999999998]",24.132346332072828,filled square + square ring,filled diamond + diamond ring,False
Vector,map,sidebar-wash-0.07/selected-current/fill,rest / current,"[37.0, 175.0, 244.0]","[71.0, 207.0, 235.0]",10.173363956442412,"[0, 136.0, 204.0]","[0, 170.0, 204.0]",10.766655110054483,filled circle; no ring,filled circle + circular ring,True
Vector,map,sidebar-wash-0.07/selected-current/fill,rest / selected,"[37.0, 175.0, 244.0]","[0, 234.0, 255]",14.400562025107334,"[0, 136.0, 204.0]","[0, 234.0, 255]",25.35250540101818,filled circle; no ring,filled square + square ring,False
Vector,map,sidebar-wash-0.07/selected-current/fill,rest / hovered,"[37.0, 175.0, 244.0]","[71.0, 207.0, 235.0]",10.173363956442412,"[0, 136.0, 204.0]","[15.0, 117.0, 138.0]",12.40680336551337,filled circle; no ring,filled diamond + diamond ring,True
Vector,map,sidebar-wash-0.07/selected-current/fill,current / selected,"[71.0, 207.0, 235.0]","[0, 234.0, 255]",5.099940103395483,"[0, 170.0, 204.0]","[0, 234.0, 255]",15.384905652620265,filled circle + circular ring,filled square + square ring,False
Vector,map,sidebar-wash-0.07/selected-current/fill,current / hovered,"[71.0, 207.0, 235.0]","[71.0, 207.0, 235.0]",0,"[0, 170.0, 204.0]","[15.0, 117.0, 138.0]",18.577079770837187,filled circle + circular ring,filled diamond + diamond ring,False
Vector,map,sidebar-wash-0.07/selected-current/fill,selected / hovered,"[0, 234.0, 255]","[71.0, 207.0, 235.0]",5.099940103395483,"[0, 234.0, 255]","[15.0, 117.0, 138.0]",32.91418286885795,filled square + square ring,filled diamond + diamond ring,False
Vector,map,sidebar-wash-0.07/selected-current/ring,rest / current,"[37.0, 175.0, 244.0]","[71.0, 207.0, 235.0]",10.173363956442412,"[0, 136.0, 204.0]","[5.52992, 117.62704407999998, 140.89504]",11.795544855113627,filled circle; no ring,filled circle + circular ring,True
Vector,map,sidebar-wash-0.07/selected-current/ring,rest / selected,"[37.0, 175.0, 244.0]","[0, 234.0, 255]",14.400562025107334,"[0, 136.0, 204.0]","[5.52992, 156.02704408, 171.49504]",10.798616926922774,filled circle; no ring,filled square + square ring,True
Vector,map,sidebar-wash-0.07/selected-current/ring,rest / hovered,"[37.0, 175.0, 244.0]","[71.0, 207.0, 235.0]",10.173363956442412,"[0, 136.0, 204.0]","[15.284, 75.208, 89.90799999999999]",24.227341203769786,filled circle; no ring,filled diamond + diamond ring,False
Vector,map,sidebar-wash-0.07/selected-current/ring,current / selected,"[71.0, 207.0, 235.0]","[0, 234.0, 255]",5.099940103395483,"[5.52992, 117.62704407999998, 140.89504]","[5.52992, 156.02704408, 171.49504]",13.087077453994615,filled circle + circular ring,filled square + square ring,True
Vector,map,sidebar-wash-0.07/selected-current/ring,current / hovered,"[71.0, 207.0, 235.0]","[71.0, 207.0, 235.0]",0,"[5.52992, 117.62704407999998, 140.89504]","[15.284, 75.208, 89.90799999999999]",13.568332041981472,filled circle + circular ring,filled diamond + diamond ring,True
Vector,map,sidebar-wash-0.07/selected-current/ring,selected / hovered,"[0, 234.0, 255]","[71.0, 207.0, 235.0]",5.099940103395483,"[5.52992, 156.02704408, 171.49504]","[15.284, 75.208, 89.90799999999999]",26.218184536438255,filled square + square ring,filled diamond + diamond ring,False
