theme,surface,context,pair,before_rgb_a,before_rgb_b,before_delta,after_rgb_a,after_rgb_b,after_delta,signature_a,signature_b,theme_exception
Veil,memory,fill,normal / over,"[189.72, 55.07999999999999, 144.84000000000003]","[229.5, 114.74999999999999, 76.49999999999999]",38.002783748871494,"[184.0, 61.0, 122.0]","[229.5, 114.74999999999999, 76.49999999999999]",28.68503954807603,meter; warning absent,meter + AlertTriangle,False
Veil,delete,ready/rest,unarmed / armed,"[192.525, 176.46, 138.97500000000002]","[210.375, 44.625, 44.625]",20.80376452918997,"[192.525, 176.46, 138.97500000000002]","[229.5, 25.499999999999993, 25.499999999999993]",20.37987230073326,Trash2,AlertTriangle,False
Veil,delete,ready/hover,unarmed / armed,"[192.525, 176.46, 138.97500000000002]","[210.375, 44.625, 44.625]",20.80376452918997,"[192.525, 176.46, 138.97500000000002]","[229.5, 25.499999999999993, 25.499999999999993]",20.37987230073326,Trash2,AlertTriangle,False
Veil,delete,ready/focus,unarmed / armed,"[192.525, 176.46, 138.97500000000002]","[210.375, 44.625, 44.625]",20.80376452918997,"[192.525, 176.46, 138.97500000000002]","[229.5, 25.499999999999993, 25.499999999999993]",20.37987230073326,Trash2,AlertTriangle,False
Veil,delete,ready-exceeds/rest,unarmed / armed,"[73.35074999999999, 70.38000000000001, 62.56425]","[79.59824999999998, 24.237750000000002, 29.541749999999997]",9.51238876756636,"[73.35074999999999, 70.38000000000001, 62.56425]","[86.292, 17.544, 22.847999999999995]",11.405805656799993,Trash2,AlertTriangle,True
Veil,delete,ready-exceeds/hover,unarmed / armed,"[73.35074999999999, 70.38000000000001, 62.56425]","[79.59824999999998, 24.237750000000002, 29.541749999999997]",9.51238876756636,"[73.35074999999999, 70.38000000000001, 62.56425]","[86.292, 17.544, 22.847999999999995]",11.405805656799993,Trash2,AlertTriangle,True
Veil,delete,ready-exceeds/focus,unarmed / armed,"[73.35074999999999, 70.38000000000001, 62.56425]","[79.59824999999998, 24.237750000000002, 29.541749999999997]",9.51238876756636,"[73.35074999999999, 70.38000000000001, 62.56425]","[86.292, 17.544, 22.847999999999995]",11.405805656799993,Trash2,AlertTriangle,True
Veil,key,required/rest,optional-absent / required-missing,"[81.09, 75.48, 61.71]","[229.5, 114.74999999999999, 76.49999999999999]",35.826832286531086,"[50.489999999999995, 47.940000000000005, 41.309999999999995]","[229.5, 114.74999999999999, 76.49999999999999]",44.872497956263594,Circle,AlertTriangle,False
Veil,key,required/rest,optional-absent / present,"[81.09, 75.48, 61.71]","[192.525, 176.46, 138.97500000000002]",40.38140915874647,"[50.489999999999995, 47.940000000000005, 41.309999999999995]","[192.525, 176.46, 138.97500000000002]",52.526701496627574,Circle,CircleDot,False
Veil,key,required/rest,optional-absent / verified,"[81.09, 75.48, 61.71]","[189.72, 55.07999999999999, 144.84000000000003]",24.91703362959893,"[50.489999999999995, 47.940000000000005, 41.309999999999995]","[184.0, 61.0, 122.0]",24.380998649311447,Circle,CircleCheck,False
Veil,key,required/rest,required-missing / present,"[229.5, 114.74999999999999, 76.49999999999999]","[192.525, 176.46, 138.97500000000002]",11.447234141252315,"[229.5, 114.74999999999999, 76.49999999999999]","[192.525, 176.46, 138.97500000000002]",11.447234141252315,AlertTriangle,CircleDot,True
Veil,key,required/rest,required-missing / verified,"[229.5, 114.74999999999999, 76.49999999999999]","[189.72, 55.07999999999999, 144.84000000000003]",38.002783748871494,"[229.5, 114.74999999999999, 76.49999999999999]","[184.0, 61.0, 122.0]",28.68503954807603,AlertTriangle,CircleCheck,False
Veil,key,required/rest,present / verified,"[192.525, 176.46, 138.97500000000002]","[189.72, 55.07999999999999, 144.84000000000003]",33.74473623257419,"[192.525, 176.46, 138.97500000000002]","[184.0, 61.0, 122.0]",26.920280531182737,CircleDot,CircleCheck,False
Veil,key,required/hover,optional-absent / required-missing,"[153.0, 137.70000000000002, 102.0]","[229.5, 114.74999999999999, 76.49999999999999]",10.828932806147856,"[91.8, 82.62, 61.199999999999996]","[229.5, 114.74999999999999, 76.49999999999999]",31.719112839573807,Circle,AlertTriangle,False
Veil,key,required/hover,optional-absent / present,"[153.0, 137.70000000000002, 102.0]","[192.525, 176.46, 138.97500000000002]",11.904163763235427,"[91.8, 82.62, 61.199999999999996]","[192.525, 176.46, 138.97500000000002]",35.782078723358694,Circle,CircleDot,False
Veil,key,required/hover,optional-absent / verified,"[153.0, 137.70000000000002, 102.0]","[189.72, 55.07999999999999, 144.84000000000003]",28.357466144039577,"[91.8, 82.62, 61.199999999999996]","[184.0, 61.0, 122.0]",17.508479557427986,Circle,CircleCheck,False
Veil,key,required/hover,required-missing / present,"[229.5, 114.74999999999999, 76.49999999999999]","[192.525, 176.46, 138.97500000000002]",11.447234141252315,"[229.5, 114.74999999999999, 76.49999999999999]","[192.525, 176.46, 138.97500000000002]",11.447234141252315,AlertTriangle,CircleDot,True
Veil,key,required/hover,required-missing / verified,"[229.5, 114.74999999999999, 76.49999999999999]","[189.72, 55.07999999999999, 144.84000000000003]",38.002783748871494,"[229.5, 114.74999999999999, 76.49999999999999]","[184.0, 61.0, 122.0]",28.68503954807603,AlertTriangle,CircleCheck,False
Veil,key,required/hover,present / verified,"[192.525, 176.46, 138.97500000000002]","[189.72, 55.07999999999999, 144.84000000000003]",33.74473623257419,"[192.525, 176.46, 138.97500000000002]","[184.0, 61.0, 122.0]",26.920280531182737,CircleDot,CircleCheck,False
Veil,key,required/focus,optional-absent / required-missing,"[153.0, 137.70000000000002, 102.0]","[229.5, 114.74999999999999, 76.49999999999999]",10.828932806147856,"[91.8, 82.62, 61.199999999999996]","[229.5, 114.74999999999999, 76.49999999999999]",31.719112839573807,Circle,AlertTriangle,False
Veil,key,required/focus,optional-absent / present,"[153.0, 137.70000000000002, 102.0]","[192.525, 176.46, 138.97500000000002]",11.904163763235427,"[91.8, 82.62, 61.199999999999996]","[192.525, 176.46, 138.97500000000002]",35.782078723358694,Circle,CircleDot,False
Veil,key,required/focus,optional-absent / verified,"[153.0, 137.70000000000002, 102.0]","[189.72, 55.07999999999999, 144.84000000000003]",28.357466144039577,"[91.8, 82.62, 61.199999999999996]","[184.0, 61.0, 122.0]",17.508479557427986,Circle,CircleCheck,False
Veil,key,required/focus,required-missing / present,"[229.5, 114.74999999999999, 76.49999999999999]","[192.525, 176.46, 138.97500000000002]",11.447234141252315,"[229.5, 114.74999999999999, 76.49999999999999]","[192.525, 176.46, 138.97500000000002]",11.447234141252315,AlertTriangle,CircleDot,True
Veil,key,required/focus,required-missing / verified,"[229.5, 114.74999999999999, 76.49999999999999]","[189.72, 55.07999999999999, 144.84000000000003]",38.002783748871494,"[229.5, 114.74999999999999, 76.49999999999999]","[184.0, 61.0, 122.0]",28.68503954807603,AlertTriangle,CircleCheck,False
Veil,key,required/focus,present / verified,"[192.525, 176.46, 138.97500000000002]","[189.72, 55.07999999999999, 144.84000000000003]",33.74473623257419,"[192.525, 176.46, 138.97500000000002]","[184.0, 61.0, 122.0]",26.920280531182737,CircleDot,CircleCheck,False
Veil,key,optional/rest,optional-absent / required-missing,"[81.09, 75.48, 61.71]","[229.5, 114.74999999999999, 76.49999999999999]",35.826832286531086,"[50.489999999999995, 47.940000000000005, 41.309999999999995]","[229.5, 114.74999999999999, 76.49999999999999]",44.872497956263594,Circle,AlertTriangle,False
Veil,key,optional/rest,optional-absent / present,"[81.09, 75.48, 61.71]","[100.8525, 94.86000000000001, 80.1975]",6.861207612606855,"[50.489999999999995, 47.940000000000005, 41.309999999999995]","[100.8525, 94.86000000000001, 80.1975]",16.43521788919975,Circle,CircleDot,False
Veil,key,optional/rest,optional-absent / verified,"[81.09, 75.48, 61.71]","[99.45, 34.17, 83.13000000000002]",18.76076985549963,"[50.489999999999995, 47.940000000000005, 41.309999999999995]","[96.59, 37.13, 71.71000000000001]",10.403305932066703,Circle,CircleCheck,True
Veil,key,optional/rest,required-missing / present,"[229.5, 114.74999999999999, 76.49999999999999]","[100.8525, 94.86000000000001, 80.1975]",28.46237996653055,"[229.5, 114.74999999999999, 76.49999999999999]","[100.8525, 94.86000000000001, 80.1975]",28.46237996653055,AlertTriangle,CircleDot,False
Veil,key,optional/rest,required-missing / verified,"[229.5, 114.74999999999999, 76.49999999999999]","[99.45, 34.17, 83.13000000000002]",49.861998154488546,"[229.5, 114.74999999999999, 76.49999999999999]","[96.59, 37.13, 71.71000000000001]",46.28426679252508,AlertTriangle,CircleCheck,False
Veil,key,optional/rest,present / verified,"[100.8525, 94.86000000000001, 80.1975]","[99.45, 34.17, 83.13000000000002]",21.55216217024095,"[100.8525, 94.86000000000001, 80.1975]","[96.59, 37.13, 71.71000000000001]",17.43406921843264,CircleDot,CircleCheck,False
Veil,key,optional/hover,optional-absent / required-missing,"[153.0, 137.70000000000002, 102.0]","[229.5, 114.74999999999999, 76.49999999999999]",10.828932806147856,"[91.8, 82.62, 61.199999999999996]","[229.5, 114.74999999999999, 76.49999999999999]",31.719112839573807,Circle,AlertTriangle,False
Veil,key,optional/hover,optional-absent / present,"[153.0, 137.70000000000002, 102.0]","[192.525, 176.46, 138.97500000000002]",11.904163763235427,"[91.8, 82.62, 61.199999999999996]","[192.525, 176.46, 138.97500000000002]",35.782078723358694,Circle,CircleDot,False
Veil,key,optional/hover,optional-absent / verified,"[153.0, 137.70000000000002, 102.0]","[189.72, 55.07999999999999, 144.84000000000003]",28.357466144039577,"[91.8, 82.62, 61.199999999999996]","[184.0, 61.0, 122.0]",17.508479557427986,Circle,CircleCheck,False
Veil,key,optional/hover,required-missing / present,"[229.5, 114.74999999999999, 76.49999999999999]","[192.525, 176.46, 138.97500000000002]",11.447234141252315,"[229.5, 114.74999999999999, 76.49999999999999]","[192.525, 176.46, 138.97500000000002]",11.447234141252315,AlertTriangle,CircleDot,True
Veil,key,optional/hover,required-missing / verified,"[229.5, 114.74999999999999, 76.49999999999999]","[189.72, 55.07999999999999, 144.84000000000003]",38.002783748871494,"[229.5, 114.74999999999999, 76.49999999999999]","[184.0, 61.0, 122.0]",28.68503954807603,AlertTriangle,CircleCheck,False
Veil,key,optional/hover,present / verified,"[192.525, 176.46, 138.97500000000002]","[189.72, 55.07999999999999, 144.84000000000003]",33.74473623257419,"[192.525, 176.46, 138.97500000000002]","[184.0, 61.0, 122.0]",26.920280531182737,CircleDot,CircleCheck,False
Veil,key,optional/focus,optional-absent / required-missing,"[153.0, 137.70000000000002, 102.0]","[229.5, 114.74999999999999, 76.49999999999999]",10.828932806147856,"[91.8, 82.62, 61.199999999999996]","[229.5, 114.74999999999999, 76.49999999999999]",31.719112839573807,Circle,AlertTriangle,False
Veil,key,optional/focus,optional-absent / present,"[153.0, 137.70000000000002, 102.0]","[192.525, 176.46, 138.97500000000002]",11.904163763235427,"[91.8, 82.62, 61.199999999999996]","[192.525, 176.46, 138.97500000000002]",35.782078723358694,Circle,CircleDot,False
Veil,key,optional/focus,optional-absent / verified,"[153.0, 137.70000000000002, 102.0]","[189.72, 55.07999999999999, 144.84000000000003]",28.357466144039577,"[91.8, 82.62, 61.199999999999996]","[184.0, 61.0, 122.0]",17.508479557427986,Circle,CircleCheck,False
Veil,key,optional/focus,required-missing / present,"[229.5, 114.74999999999999, 76.49999999999999]","[192.525, 176.46, 138.97500000000002]",11.447234141252315,"[229.5, 114.74999999999999, 76.49999999999999]","[192.525, 176.46, 138.97500000000002]",11.447234141252315,AlertTriangle,CircleDot,True
Veil,key,optional/focus,required-missing / verified,"[229.5, 114.74999999999999, 76.49999999999999]","[189.72, 55.07999999999999, 144.84000000000003]",38.002783748871494,"[229.5, 114.74999999999999, 76.49999999999999]","[184.0, 61.0, 122.0]",28.68503954807603,AlertTriangle,CircleCheck,False
Veil,key,optional/focus,present / verified,"[192.525, 176.46, 138.97500000000002]","[189.72, 55.07999999999999, 144.84000000000003]",33.74473623257419,"[192.525, 176.46, 138.97500000000002]","[184.0, 61.0, 122.0]",26.920280531182737,CircleDot,CircleCheck,False
Veil,map,canvas-sea/fill,rest / current,"[229.5, 114.74999999999999, 76.49999999999999]","[214.2, 91.8, 173.40000000000003]",36.519036034009964,"[229.5, 114.74999999999999, 76.49999999999999]","[122.39999999999999, 30.599999999999998, 76.1268292682927]",40.238029984278675,filled circle; no ring,filled circle + circular ring,False
Veil,map,canvas-sea/fill,rest / selected,"[229.5, 114.74999999999999, 76.49999999999999]","[189.72, 55.07999999999999, 144.84000000000003]",38.002783748871494,"[229.5, 114.74999999999999, 76.49999999999999]","[184.0, 61.0, 122.0]",28.68503954807603,filled circle; no ring,filled square + square ring,False
Veil,map,canvas-sea/fill,rest / hovered,"[229.5, 114.74999999999999, 76.49999999999999]","[214.2, 91.8, 173.40000000000003]",36.519036034009964,"[229.5, 114.74999999999999, 76.49999999999999]","[224.4, 132.59999999999997, 178.12682926829268]",28.154921869576675,filled circle; no ring,filled diamond + diamond ring,False
Veil,map,canvas-sea/fill,current / selected,"[214.2, 91.8, 173.40000000000003]","[189.72, 55.07999999999999, 144.84000000000003]",9.571575278395933,"[122.39999999999999, 30.599999999999998, 76.1268292682927]","[184.0, 61.0, 122.0]",15.618186802122327,filled circle + circular ring,filled square + square ring,False
Veil,map,canvas-sea/fill,current / hovered,"[214.2, 91.8, 173.40000000000003]","[214.2, 91.8, 173.40000000000003]",0,"[122.39999999999999, 30.599999999999998, 76.1268292682927]","[224.4, 132.59999999999997, 178.12682926829268]",37.60960617716947,filled circle + circular ring,filled diamond + diamond ring,False
Veil,map,canvas-sea/fill,selected / hovered,"[189.72, 55.07999999999999, 144.84000000000003]","[214.2, 91.8, 173.40000000000003]",9.571575278395933,"[184.0, 61.0, 122.0]","[224.4, 132.59999999999997, 178.12682926829268]",17.854502924461286,filled square + square ring,filled diamond + diamond ring,False
Veil,map,canvas-sea/ring,rest / current,"[229.5, 114.74999999999999, 76.49999999999999]","[131.58, 59.5, 111.18000000000002]",43.28622726344373,"[229.5, 114.74999999999999, 76.49999999999999]","[76.5, 22.78, 52.816097560975614]",48.996593369389224,filled circle; no ring,filled circle + circular ring,False
Veil,map,canvas-sea/ring,rest / selected,"[229.5, 114.74999999999999, 76.49999999999999]","[116.892, 37.46799999999999, 94.04400000000004]",47.47355255794096,"[229.5, 114.74999999999999, 76.49999999999999]","[113.46, 41.02, 80.34]",43.0749887986686,filled circle; no ring,filled square + square ring,False
Veil,map,canvas-sea/ring,rest / hovered,"[229.5, 114.74999999999999, 76.49999999999999]","[131.58, 59.5, 111.18000000000002]",43.28622726344373,"[229.5, 114.74999999999999, 76.49999999999999]","[137.70000000000002, 83.97999999999999, 114.01609756097561]",34.59266107687331,filled circle; no ring,filled diamond + diamond ring,False
Veil,map,canvas-sea/ring,current / selected,"[131.58, 59.5, 111.18000000000002]","[116.892, 37.46799999999999, 94.04400000000004]",5.619200746846419,"[76.5, 22.78, 52.816097560975614]","[113.46, 41.02, 80.34]",8.464152824101713,filled circle + circular ring,filled square + square ring,True
Veil,map,canvas-sea/ring,current / hovered,"[131.58, 59.5, 111.18000000000002]","[131.58, 59.5, 111.18000000000002]",0,"[76.5, 22.78, 52.816097560975614]","[137.70000000000002, 83.97999999999999, 114.01609756097561]",19.649975786657986,filled circle + circular ring,filled diamond + diamond ring,False
Veil,map,canvas-sea/ring,selected / hovered,"[116.892, 37.46799999999999, 94.04400000000004]","[131.58, 59.5, 111.18000000000002]",5.619200746846419,"[113.46, 41.02, 80.34]","[137.70000000000002, 83.97999999999999, 114.01609756097561]",11.309863328013883,filled square + square ring,filled diamond + diamond ring,True
Veil,map,canvas-land/fill,rest / current,"[229.5, 114.74999999999999, 76.49999999999999]","[214.2, 91.8, 173.40000000000003]",36.519036034009964,"[229.5, 114.74999999999999, 76.49999999999999]","[122.39999999999999, 30.599999999999998, 76.1268292682927]",40.238029984278675,filled circle; no ring,filled circle + circular ring,False
Veil,map,canvas-land/fill,rest / selected,"[229.5, 114.74999999999999, 76.49999999999999]","[189.72, 55.07999999999999, 144.84000000000003]",38.002783748871494,"[229.5, 114.74999999999999, 76.49999999999999]","[184.0, 61.0, 122.0]",28.68503954807603,filled circle; no ring,filled square + square ring,False
Veil,map,canvas-land/fill,rest / hovered,"[229.5, 114.74999999999999, 76.49999999999999]","[214.2, 91.8, 173.40000000000003]",36.519036034009964,"[229.5, 114.74999999999999, 76.49999999999999]","[224.4, 132.59999999999997, 178.12682926829268]",28.154921869576675,filled circle; no ring,filled diamond + diamond ring,False
Veil,map,canvas-land/fill,current / selected,"[214.2, 91.8, 173.40000000000003]","[189.72, 55.07999999999999, 144.84000000000003]",9.571575278395933,"[122.39999999999999, 30.599999999999998, 76.1268292682927]","[184.0, 61.0, 122.0]",15.618186802122327,filled circle + circular ring,filled square + square ring,False
Veil,map,canvas-land/fill,current / hovered,"[214.2, 91.8, 173.40000000000003]","[214.2, 91.8, 173.40000000000003]",0,"[122.39999999999999, 30.599999999999998, 76.1268292682927]","[224.4, 132.59999999999997, 178.12682926829268]",37.60960617716947,filled circle + circular ring,filled diamond + diamond ring,False
Veil,map,canvas-land/fill,selected / hovered,"[189.72, 55.07999999999999, 144.84000000000003]","[214.2, 91.8, 173.40000000000003]",9.571575278395933,"[184.0, 61.0, 122.0]","[224.4, 132.59999999999997, 178.12682926829268]",17.854502924461286,filled square + square ring,filled diamond + diamond ring,False
Veil,map,canvas-land/ring,rest / current,"[229.5, 114.74999999999999, 76.49999999999999]","[143.23247999999998, 62.31792, 119.30736000000003]",41.67385657003848,"[229.5, 114.74999999999999, 76.49999999999999]","[87.78639999999999, 25.9768, 59.48169756097562]",47.08558551657648,filled circle; no ring,filled circle + circular ring,False
Veil,map,canvas-land/ring,rest / selected,"[229.5, 114.74999999999999, 76.49999999999999]","[128.54448, 40.28591999999999, 102.17136000000004]",45.82269295419665,"[229.5, 114.74999999999999, 76.49999999999999]","[124.7464, 44.216800000000006, 87.0056]",40.883687368205955,filled circle; no ring,filled square + square ring,False
Veil,map,canvas-land/ring,rest / hovered,"[229.5, 114.74999999999999, 76.49999999999999]","[143.23247999999998, 62.31792, 119.30736000000003]",41.67385657003848,"[229.5, 114.74999999999999, 76.49999999999999]","[148.9864, 87.17679999999999, 120.6816975609756]",32.96133700388478,filled circle; no ring,filled diamond + diamond ring,False
Veil,map,canvas-land/ring,current / selected,"[143.23247999999998, 62.31792, 119.30736000000003]","[128.54448, 40.28591999999999, 102.17136000000004]",5.687471528003299,"[87.78639999999999, 25.9768, 59.48169756097562]","[124.7464, 44.216800000000006, 87.0056]",8.599541734342413,filled circle + circular ring,filled square + square ring,True
Veil,map,canvas-land/ring,current / hovered,"[143.23247999999998, 62.31792, 119.30736000000003]","[143.23247999999998, 62.31792, 119.30736000000003]",0,"[87.78639999999999, 25.9768, 59.48169756097562]","[148.9864, 87.17679999999999, 120.6816975609756]",19.93256331944886,filled circle + circular ring,filled diamond + diamond ring,False
Veil,map,canvas-land/ring,selected / hovered,"[128.54448, 40.28591999999999, 102.17136000000004]","[143.23247999999998, 62.31792, 119.30736000000003]",5.687471528003299,"[124.7464, 44.216800000000006, 87.0056]","[148.9864, 87.17679999999999, 120.6816975609756]",11.472092210185755,filled square + square ring,filled diamond + diamond ring,True
Veil,map,sidebar-wash-0/rest/fill,rest / current,"[229.5, 114.74999999999999, 76.49999999999999]","[214.2, 91.8, 173.40000000000003]",36.519036034009964,"[229.5, 114.74999999999999, 76.49999999999999]","[122.39999999999999, 30.599999999999998, 76.1268292682927]",40.238029984278675,filled circle; no ring,filled circle + circular ring,False
Veil,map,sidebar-wash-0/rest/fill,rest / selected,"[229.5, 114.74999999999999, 76.49999999999999]","[189.72, 55.07999999999999, 144.84000000000003]",38.002783748871494,"[229.5, 114.74999999999999, 76.49999999999999]","[184.0, 61.0, 122.0]",28.68503954807603,filled circle; no ring,filled square + square ring,False
Veil,map,sidebar-wash-0/rest/fill,rest / hovered,"[229.5, 114.74999999999999, 76.49999999999999]","[214.2, 91.8, 173.40000000000003]",36.519036034009964,"[229.5, 114.74999999999999, 76.49999999999999]","[224.4, 132.59999999999997, 178.12682926829268]",28.154921869576675,filled circle; no ring,filled diamond + diamond ring,False
Veil,map,sidebar-wash-0/rest/fill,current / selected,"[214.2, 91.8, 173.40000000000003]","[189.72, 55.07999999999999, 144.84000000000003]",9.571575278395933,"[122.39999999999999, 30.599999999999998, 76.1268292682927]","[184.0, 61.0, 122.0]",15.618186802122327,filled circle + circular ring,filled square + square ring,False
Veil,map,sidebar-wash-0/rest/fill,current / hovered,"[214.2, 91.8, 173.40000000000003]","[214.2, 91.8, 173.40000000000003]",0,"[122.39999999999999, 30.599999999999998, 76.1268292682927]","[224.4, 132.59999999999997, 178.12682926829268]",37.60960617716947,filled circle + circular ring,filled diamond + diamond ring,False
Veil,map,sidebar-wash-0/rest/fill,selected / hovered,"[189.72, 55.07999999999999, 144.84000000000003]","[214.2, 91.8, 173.40000000000003]",9.571575278395933,"[184.0, 61.0, 122.0]","[224.4, 132.59999999999997, 178.12682926829268]",17.854502924461286,filled square + square ring,filled diamond + diamond ring,False
Veil,map,sidebar-wash-0/rest/ring,rest / current,"[229.5, 114.74999999999999, 76.49999999999999]","[214.2, 91.8, 173.40000000000003]",36.519036034009964,"[229.5, 114.74999999999999, 76.49999999999999]","[77.112, 23.664, 54.24409756097561]",49.13640338458866,filled circle; no ring,filled circle + circular ring,False
Veil,map,sidebar-wash-0/rest/ring,rest / selected,"[229.5, 114.74999999999999, 76.49999999999999]","[189.72, 55.07999999999999, 144.84000000000003]",38.002783748871494,"[229.5, 114.74999999999999, 76.49999999999999]","[122.46336, 44.19552, 86.59584000000001]",41.56526497223401,filled circle; no ring,filled square + square ring,False
Veil,map,sidebar-wash-0/rest/ring,rest / hovered,"[229.5, 114.74999999999999, 76.49999999999999]","[214.2, 91.8, 173.40000000000003]",36.519036034009964,"[229.5, 114.74999999999999, 76.49999999999999]","[138.312, 84.86399999999999, 115.4440975609756]",34.7057470068627,filled circle; no ring,filled diamond + diamond ring,False
Veil,map,sidebar-wash-0/rest/ring,current / selected,"[214.2, 91.8, 173.40000000000003]","[189.72, 55.07999999999999, 144.84000000000003]",9.571575278395933,"[77.112, 23.664, 54.24409756097561]","[122.46336, 44.19552, 86.59584000000001]",10.209668184786667,filled circle + circular ring,filled square + square ring,True
Veil,map,sidebar-wash-0/rest/ring,current / hovered,"[214.2, 91.8, 173.40000000000003]","[214.2, 91.8, 173.40000000000003]",0,"[77.112, 23.664, 54.24409756097561]","[138.312, 84.86399999999999, 115.4440975609756]",19.717192574370937,filled circle + circular ring,filled diamond + diamond ring,False
Veil,map,sidebar-wash-0/rest/ring,selected / hovered,"[189.72, 55.07999999999999, 144.84000000000003]","[214.2, 91.8, 173.40000000000003]",9.571575278395933,"[122.46336, 44.19552, 86.59584000000001]","[138.312, 84.86399999999999, 115.4440975609756]",9.664649463755982,filled square + square ring,filled diamond + diamond ring,True
Veil,map,sidebar-wash-0/hover/fill,rest / current,"[229.5, 114.74999999999999, 76.49999999999999]","[214.2, 91.8, 173.40000000000003]",36.519036034009964,"[229.5, 114.74999999999999, 76.49999999999999]","[122.39999999999999, 30.599999999999998, 76.1268292682927]",40.238029984278675,filled circle; no ring,filled circle + circular ring,False
Veil,map,sidebar-wash-0/hover/fill,rest / selected,"[229.5, 114.74999999999999, 76.49999999999999]","[189.72, 55.07999999999999, 144.84000000000003]",38.002783748871494,"[229.5, 114.74999999999999, 76.49999999999999]","[184.0, 61.0, 122.0]",28.68503954807603,filled circle; no ring,filled square + square ring,False
Veil,map,sidebar-wash-0/hover/fill,rest / hovered,"[229.5, 114.74999999999999, 76.49999999999999]","[214.2, 91.8, 173.40000000000003]",36.519036034009964,"[229.5, 114.74999999999999, 76.49999999999999]","[224.4, 132.59999999999997, 178.12682926829268]",28.154921869576675,filled circle; no ring,filled diamond + diamond ring,False
Veil,map,sidebar-wash-0/hover/fill,current / selected,"[214.2, 91.8, 173.40000000000003]","[189.72, 55.07999999999999, 144.84000000000003]",9.571575278395933,"[122.39999999999999, 30.599999999999998, 76.1268292682927]","[184.0, 61.0, 122.0]",15.618186802122327,filled circle + circular ring,filled square + square ring,False
Veil,map,sidebar-wash-0/hover/fill,current / hovered,"[214.2, 91.8, 173.40000000000003]","[214.2, 91.8, 173.40000000000003]",0,"[122.39999999999999, 30.599999999999998, 76.1268292682927]","[224.4, 132.59999999999997, 178.12682926829268]",37.60960617716947,filled circle + circular ring,filled diamond + diamond ring,False
Veil,map,sidebar-wash-0/hover/fill,selected / hovered,"[189.72, 55.07999999999999, 144.84000000000003]","[214.2, 91.8, 173.40000000000003]",9.571575278395933,"[184.0, 61.0, 122.0]","[224.4, 132.59999999999997, 178.12682926829268]",17.854502924461286,filled square + square ring,filled diamond + diamond ring,False
Veil,map,sidebar-wash-0/hover/ring,rest / current,"[229.5, 114.74999999999999, 76.49999999999999]","[214.2, 91.8, 173.40000000000003]",36.519036034009964,"[229.5, 114.74999999999999, 76.49999999999999]","[83.43599999999999, 27.131999999999998, 60.16009756097562]",48.51688796069563,filled circle; no ring,filled circle + circular ring,False
Veil,map,sidebar-wash-0/hover/ring,rest / selected,"[229.5, 114.74999999999999, 76.49999999999999]","[189.72, 55.07999999999999, 144.84000000000003]",38.002783748871494,"[229.5, 114.74999999999999, 76.49999999999999]","[122.46336, 44.19552, 86.59584000000001]",41.56526497223401,filled circle; no ring,filled square + square ring,False
Veil,map,sidebar-wash-0/hover/ring,rest / hovered,"[229.5, 114.74999999999999, 76.49999999999999]","[214.2, 91.8, 173.40000000000003]",36.519036034009964,"[229.5, 114.74999999999999, 76.49999999999999]","[144.636, 88.33199999999998, 121.3600975609756]",34.16746537197732,filled circle; no ring,filled diamond + diamond ring,False
Veil,map,sidebar-wash-0/hover/ring,current / selected,"[214.2, 91.8, 173.40000000000003]","[189.72, 55.07999999999999, 144.84000000000003]",9.571575278395933,"[83.43599999999999, 27.131999999999998, 60.16009756097562]","[122.46336, 44.19552, 86.59584000000001]",8.751486223011998,filled circle + circular ring,filled square + square ring,True
Veil,map,sidebar-wash-0/hover/ring,current / hovered,"[214.2, 91.8, 173.40000000000003]","[214.2, 91.8, 173.40000000000003]",0,"[83.43599999999999, 27.131999999999998, 60.16009756097562]","[144.636, 88.33199999999998, 121.3600975609756]",20.001085826914565,filled circle + circular ring,filled diamond + diamond ring,False
Veil,map,sidebar-wash-0/hover/ring,selected / hovered,"[189.72, 55.07999999999999, 144.84000000000003]","[214.2, 91.8, 173.40000000000003]",9.571575278395933,"[122.46336, 44.19552, 86.59584000000001]","[144.636, 88.33199999999998, 121.3600975609756]",11.494015812497988,filled square + square ring,filled diamond + diamond ring,True
Veil,map,sidebar-wash-0/selected-current/fill,rest / current,"[229.5, 114.74999999999999, 76.49999999999999]","[214.2, 91.8, 173.40000000000003]",36.519036034009964,"[229.5, 114.74999999999999, 76.49999999999999]","[122.39999999999999, 30.599999999999998, 76.1268292682927]",40.238029984278675,filled circle; no ring,filled circle + circular ring,False
Veil,map,sidebar-wash-0/selected-current/fill,rest / selected,"[229.5, 114.74999999999999, 76.49999999999999]","[189.72, 55.07999999999999, 144.84000000000003]",38.002783748871494,"[229.5, 114.74999999999999, 76.49999999999999]","[184.0, 61.0, 122.0]",28.68503954807603,filled circle; no ring,filled square + square ring,False
Veil,map,sidebar-wash-0/selected-current/fill,rest / hovered,"[229.5, 114.74999999999999, 76.49999999999999]","[214.2, 91.8, 173.40000000000003]",36.519036034009964,"[229.5, 114.74999999999999, 76.49999999999999]","[224.4, 132.59999999999997, 178.12682926829268]",28.154921869576675,filled circle; no ring,filled diamond + diamond ring,False
Veil,map,sidebar-wash-0/selected-current/fill,current / selected,"[214.2, 91.8, 173.40000000000003]","[189.72, 55.07999999999999, 144.84000000000003]",9.571575278395933,"[122.39999999999999, 30.599999999999998, 76.1268292682927]","[184.0, 61.0, 122.0]",15.618186802122327,filled circle + circular ring,filled square + square ring,False
Veil,map,sidebar-wash-0/selected-current/fill,current / hovered,"[214.2, 91.8, 173.40000000000003]","[214.2, 91.8, 173.40000000000003]",0,"[122.39999999999999, 30.599999999999998, 76.1268292682927]","[224.4, 132.59999999999997, 178.12682926829268]",37.60960617716947,filled circle + circular ring,filled diamond + diamond ring,False
Veil,map,sidebar-wash-0/selected-current/fill,selected / hovered,"[189.72, 55.07999999999999, 144.84000000000003]","[214.2, 91.8, 173.40000000000003]",9.571575278395933,"[184.0, 61.0, 122.0]","[224.4, 132.59999999999997, 178.12682926829268]",17.854502924461286,filled square + square ring,filled diamond + diamond ring,False
Veil,map,sidebar-wash-0/selected-current/ring,rest / current,"[229.5, 114.74999999999999, 76.49999999999999]","[214.2, 91.8, 173.40000000000003]",36.519036034009964,"[229.5, 114.74999999999999, 76.49999999999999]","[85.50336, 25.955520000000003, 59.07193756097562]",47.69734013188648,filled circle; no ring,filled circle + circular ring,False
Veil,map,sidebar-wash-0/selected-current/ring,rest / selected,"[229.5, 114.74999999999999, 76.49999999999999]","[189.72, 55.07999999999999, 144.84000000000003]",38.002783748871494,"[229.5, 114.74999999999999, 76.49999999999999]","[122.46336, 44.19552, 86.59584000000001]",41.56526497223401,filled circle; no ring,filled square + square ring,False
Veil,map,sidebar-wash-0/selected-current/ring,rest / hovered,"[229.5, 114.74999999999999, 76.49999999999999]","[214.2, 91.8, 173.40000000000003]",36.519036034009964,"[229.5, 114.74999999999999, 76.49999999999999]","[138.312, 84.86399999999999, 115.4440975609756]",34.7057470068627,filled circle; no ring,filled diamond + diamond ring,False
Veil,map,sidebar-wash-0/selected-current/ring,current / selected,"[214.2, 91.8, 173.40000000000003]","[189.72, 55.07999999999999, 144.84000000000003]",9.571575278395933,"[85.50336, 25.955520000000003, 59.07193756097562]","[122.46336, 44.19552, 86.59584000000001]",8.578168329881416,filled circle + circular ring,filled square + square ring,True
Veil,map,sidebar-wash-0/selected-current/ring,current / hovered,"[214.2, 91.8, 173.40000000000003]","[214.2, 91.8, 173.40000000000003]",0,"[85.50336, 25.955520000000003, 59.07193756097562]","[138.312, 84.86399999999999, 115.4440975609756]",18.13299144707518,filled circle + circular ring,filled diamond + diamond ring,False
Veil,map,sidebar-wash-0/selected-current/ring,selected / hovered,"[189.72, 55.07999999999999, 144.84000000000003]","[214.2, 91.8, 173.40000000000003]",9.571575278395933,"[122.46336, 44.19552, 86.59584000000001]","[138.312, 84.86399999999999, 115.4440975609756]",9.664649463755982,filled square + square ring,filled diamond + diamond ring,True
Veil,map,sidebar-wash-0.07/rest/fill,rest / current,"[229.5, 114.74999999999999, 76.49999999999999]","[214.2, 91.8, 173.40000000000003]",36.519036034009964,"[229.5, 114.74999999999999, 76.49999999999999]","[122.39999999999999, 30.599999999999998, 76.1268292682927]",40.238029984278675,filled circle; no ring,filled circle + circular ring,False
Veil,map,sidebar-wash-0.07/rest/fill,rest / selected,"[229.5, 114.74999999999999, 76.49999999999999]","[189.72, 55.07999999999999, 144.84000000000003]",38.002783748871494,"[229.5, 114.74999999999999, 76.49999999999999]","[184.0, 61.0, 122.0]",28.68503954807603,filled circle; no ring,filled square + square ring,False
Veil,map,sidebar-wash-0.07/rest/fill,rest / hovered,"[229.5, 114.74999999999999, 76.49999999999999]","[214.2, 91.8, 173.40000000000003]",36.519036034009964,"[229.5, 114.74999999999999, 76.49999999999999]","[224.4, 132.59999999999997, 178.12682926829268]",28.154921869576675,filled circle; no ring,filled diamond + diamond ring,False
Veil,map,sidebar-wash-0.07/rest/fill,current / selected,"[214.2, 91.8, 173.40000000000003]","[189.72, 55.07999999999999, 144.84000000000003]",9.571575278395933,"[122.39999999999999, 30.599999999999998, 76.1268292682927]","[184.0, 61.0, 122.0]",15.618186802122327,filled circle + circular ring,filled square + square ring,False
Veil,map,sidebar-wash-0.07/rest/fill,current / hovered,"[214.2, 91.8, 173.40000000000003]","[214.2, 91.8, 173.40000000000003]",0,"[122.39999999999999, 30.599999999999998, 76.1268292682927]","[224.4, 132.59999999999997, 178.12682926829268]",37.60960617716947,filled circle + circular ring,filled diamond + diamond ring,False
Veil,map,sidebar-wash-0.07/rest/fill,selected / hovered,"[189.72, 55.07999999999999, 144.84000000000003]","[214.2, 91.8, 173.40000000000003]",9.571575278395933,"[184.0, 61.0, 122.0]","[224.4, 132.59999999999997, 178.12682926829268]",17.854502924461286,filled square + square ring,filled diamond + diamond ring,False
Veil,map,sidebar-wash-0.07/rest/ring,rest / current,"[229.5, 114.74999999999999, 76.49999999999999]","[214.2, 91.8, 173.40000000000003]",36.519036034009964,"[229.5, 114.74999999999999, 76.49999999999999]","[81.28175999999999, 24.57792, 57.02393756097562]",48.61053676077338,filled circle; no ring,filled circle + circular ring,False
Veil,map,sidebar-wash-0.07/rest/ring,rest / selected,"[229.5, 114.74999999999999, 76.49999999999999]","[189.72, 55.07999999999999, 144.84000000000003]",38.002783748871494,"[229.5, 114.74999999999999, 76.49999999999999]","[126.1327488, 44.9997696, 89.04209920000001]",40.988409103261446,filled circle; no ring,filled square + square ring,False
Veil,map,sidebar-wash-0.07/rest/ring,rest / hovered,"[229.5, 114.74999999999999, 76.49999999999999]","[214.2, 91.8, 173.40000000000003]",36.519036034009964,"[229.5, 114.74999999999999, 76.49999999999999]","[142.48176, 85.77792, 118.2239375609756]",34.336586923966884,filled circle; no ring,filled diamond + diamond ring,False
Veil,map,sidebar-wash-0.07/rest/ring,current / selected,"[214.2, 91.8, 173.40000000000003]","[189.72, 55.07999999999999, 144.84000000000003]",9.571575278395933,"[81.28175999999999, 24.57792, 57.02393756097562]","[126.1327488, 44.9997696, 89.04209920000001]",10.165704238175673,filled circle + circular ring,filled square + square ring,True
Veil,map,sidebar-wash-0.07/rest/ring,current / hovered,"[214.2, 91.8, 173.40000000000003]","[214.2, 91.8, 173.40000000000003]",0,"[81.28175999999999, 24.57792, 57.02393756097562]","[142.48176, 85.77792, 118.2239375609756]",19.791932633485917,filled circle + circular ring,filled diamond + diamond ring,False
Veil,map,sidebar-wash-0.07/rest/ring,selected / hovered,"[189.72, 55.07999999999999, 144.84000000000003]","[214.2, 91.8, 173.40000000000003]",9.571575278395933,"[126.1327488, 44.9997696, 89.04209920000001]","[142.48176, 85.77792, 118.2239375609756]",9.792799419124654,filled square + square ring,filled diamond + diamond ring,True
Veil,map,sidebar-wash-0.07/hover/fill,rest / current,"[229.5, 114.74999999999999, 76.49999999999999]","[214.2, 91.8, 173.40000000000003]",36.519036034009964,"[229.5, 114.74999999999999, 76.49999999999999]","[122.39999999999999, 30.599999999999998, 76.1268292682927]",40.238029984278675,filled circle; no ring,filled circle + circular ring,False
Veil,map,sidebar-wash-0.07/hover/fill,rest / selected,"[229.5, 114.74999999999999, 76.49999999999999]","[189.72, 55.07999999999999, 144.84000000000003]",38.002783748871494,"[229.5, 114.74999999999999, 76.49999999999999]","[184.0, 61.0, 122.0]",28.68503954807603,filled circle; no ring,filled square + square ring,False
Veil,map,sidebar-wash-0.07/hover/fill,rest / hovered,"[229.5, 114.74999999999999, 76.49999999999999]","[214.2, 91.8, 173.40000000000003]",36.519036034009964,"[229.5, 114.74999999999999, 76.49999999999999]","[224.4, 132.59999999999997, 178.12682926829268]",28.154921869576675,filled circle; no ring,filled diamond + diamond ring,False
Veil,map,sidebar-wash-0.07/hover/fill,current / selected,"[214.2, 91.8, 173.40000000000003]","[189.72, 55.07999999999999, 144.84000000000003]",9.571575278395933,"[122.39999999999999, 30.599999999999998, 76.1268292682927]","[184.0, 61.0, 122.0]",15.618186802122327,filled circle + circular ring,filled square + square ring,False
Veil,map,sidebar-wash-0.07/hover/fill,current / hovered,"[214.2, 91.8, 173.40000000000003]","[214.2, 91.8, 173.40000000000003]",0,"[122.39999999999999, 30.599999999999998, 76.1268292682927]","[224.4, 132.59999999999997, 178.12682926829268]",37.60960617716947,filled circle + circular ring,filled diamond + diamond ring,False
Veil,map,sidebar-wash-0.07/hover/fill,selected / hovered,"[189.72, 55.07999999999999, 144.84000000000003]","[214.2, 91.8, 173.40000000000003]",9.571575278395933,"[184.0, 61.0, 122.0]","[224.4, 132.59999999999997, 178.12682926829268]",17.854502924461286,filled square + square ring,filled diamond + diamond ring,False
Veil,map,sidebar-wash-0.07/hover/ring,rest / current,"[229.5, 114.74999999999999, 76.49999999999999]","[214.2, 91.8, 173.40000000000003]",36.519036034009964,"[229.5, 114.74999999999999, 76.49999999999999]","[85.52088, 27.58896, 61.55001756097562]",48.25647853520175,filled circle; no ring,filled circle + circular ring,False
Veil,map,sidebar-wash-0.07/hover/ring,rest / selected,"[229.5, 114.74999999999999, 76.49999999999999]","[189.72, 55.07999999999999, 144.84000000000003]",38.002783748871494,"[229.5, 114.74999999999999, 76.49999999999999]","[126.1327488, 44.9997696, 89.04209920000001]",40.988409103261446,filled circle; no ring,filled square + square ring,False
Veil,map,sidebar-wash-0.07/hover/ring,rest / hovered,"[229.5, 114.74999999999999, 76.49999999999999]","[214.2, 91.8, 173.40000000000003]",36.519036034009964,"[229.5, 114.74999999999999, 76.49999999999999]","[146.72088, 88.78895999999999, 122.7500175609756]",34.01217385052332,filled circle; no ring,filled diamond + diamond ring,False
Veil,map,sidebar-wash-0.07/hover/ring,current / selected,"[214.2, 91.8, 173.40000000000003]","[189.72, 55.07999999999999, 144.84000000000003]",9.571575278395933,"[85.52088, 27.58896, 61.55001756097562]","[126.1327488, 44.9997696, 89.04209920000001]",9.102842433426318,filled circle + circular ring,filled square + square ring,True
Veil,map,sidebar-wash-0.07/hover/ring,current / hovered,"[214.2, 91.8, 173.40000000000003]","[214.2, 91.8, 173.40000000000003]",0,"[85.52088, 27.58896, 61.55001756097562]","[146.72088, 88.78895999999999, 122.7500175609756]",20.044674569363643,filled circle + circular ring,filled diamond + diamond ring,False
Veil,map,sidebar-wash-0.07/hover/ring,selected / hovered,"[189.72, 55.07999999999999, 144.84000000000003]","[214.2, 91.8, 173.40000000000003]",9.571575278395933,"[126.1327488, 44.9997696, 89.04209920000001]","[146.72088, 88.78895999999999, 122.7500175609756]",11.189304283223962,filled square + square ring,filled diamond + diamond ring,True
Veil,map,sidebar-wash-0.07/selected-current/fill,rest / current,"[229.5, 114.74999999999999, 76.49999999999999]","[214.2, 91.8, 173.40000000000003]",36.519036034009964,"[229.5, 114.74999999999999, 76.49999999999999]","[122.39999999999999, 30.599999999999998, 76.1268292682927]",40.238029984278675,filled circle; no ring,filled circle + circular ring,False
Veil,map,sidebar-wash-0.07/selected-current/fill,rest / selected,"[229.5, 114.74999999999999, 76.49999999999999]","[189.72, 55.07999999999999, 144.84000000000003]",38.002783748871494,"[229.5, 114.74999999999999, 76.49999999999999]","[184.0, 61.0, 122.0]",28.68503954807603,filled circle; no ring,filled square + square ring,False
Veil,map,sidebar-wash-0.07/selected-current/fill,rest / hovered,"[229.5, 114.74999999999999, 76.49999999999999]","[214.2, 91.8, 173.40000000000003]",36.519036034009964,"[229.5, 114.74999999999999, 76.49999999999999]","[224.4, 132.59999999999997, 178.12682926829268]",28.154921869576675,filled circle; no ring,filled diamond + diamond ring,False
Veil,map,sidebar-wash-0.07/selected-current/fill,current / selected,"[214.2, 91.8, 173.40000000000003]","[189.72, 55.07999999999999, 144.84000000000003]",9.571575278395933,"[122.39999999999999, 30.599999999999998, 76.1268292682927]","[184.0, 61.0, 122.0]",15.618186802122327,filled circle + circular ring,filled square + square ring,False
Veil,map,sidebar-wash-0.07/selected-current/fill,current / hovered,"[214.2, 91.8, 173.40000000000003]","[214.2, 91.8, 173.40000000000003]",0,"[122.39999999999999, 30.599999999999998, 76.1268292682927]","[224.4, 132.59999999999997, 178.12682926829268]",37.60960617716947,filled circle + circular ring,filled diamond + diamond ring,False
Veil,map,sidebar-wash-0.07/selected-current/fill,selected / hovered,"[189.72, 55.07999999999999, 144.84000000000003]","[214.2, 91.8, 173.40000000000003]",9.571575278395933,"[184.0, 61.0, 122.0]","[224.4, 132.59999999999997, 178.12682926829268]",17.854502924461286,filled square + square ring,filled diamond + diamond ring,False
Veil,map,sidebar-wash-0.07/selected-current/ring,rest / current,"[229.5, 114.74999999999999, 76.49999999999999]","[214.2, 91.8, 173.40000000000003]",36.519036034009964,"[229.5, 114.74999999999999, 76.49999999999999]","[89.17274880000001, 26.7597696, 61.51819676097561]",47.2284950738192,filled circle; no ring,filled circle + circular ring,False
Veil,map,sidebar-wash-0.07/selected-current/ring,rest / selected,"[229.5, 114.74999999999999, 76.49999999999999]","[189.72, 55.07999999999999, 144.84000000000003]",38.002783748871494,"[229.5, 114.74999999999999, 76.49999999999999]","[126.1327488, 44.9997696, 89.04209920000001]",40.988409103261446,filled circle; no ring,filled square + square ring,False
Veil,map,sidebar-wash-0.07/selected-current/ring,rest / hovered,"[229.5, 114.74999999999999, 76.49999999999999]","[214.2, 91.8, 173.40000000000003]",36.519036034009964,"[229.5, 114.74999999999999, 76.49999999999999]","[142.48176, 85.77792, 118.2239375609756]",34.336586923966884,filled circle; no ring,filled diamond + diamond ring,False
Veil,map,sidebar-wash-0.07/selected-current/ring,current / selected,"[214.2, 91.8, 173.40000000000003]","[189.72, 55.07999999999999, 144.84000000000003]",9.571575278395933,"[89.17274880000001, 26.7597696, 61.51819676097561]","[126.1327488, 44.9997696, 89.04209920000001]",8.621886496932001,filled circle + circular ring,filled square + square ring,True
Veil,map,sidebar-wash-0.07/selected-current/ring,current / hovered,"[214.2, 91.8, 173.40000000000003]","[214.2, 91.8, 173.40000000000003]",0,"[89.17274880000001, 26.7597696, 61.51819676097561]","[142.48176, 85.77792, 118.2239375609756]",18.297304492594847,filled circle + circular ring,filled diamond + diamond ring,False
Veil,map,sidebar-wash-0.07/selected-current/ring,selected / hovered,"[189.72, 55.07999999999999, 144.84000000000003]","[214.2, 91.8, 173.40000000000003]",9.571575278395933,"[126.1327488, 44.9997696, 89.04209920000001]","[142.48176, 85.77792, 118.2239375609756]",9.792799419124654,filled square + square ring,filled diamond + diamond ring,True
Gilded,memory,fill,normal / over,"[208.539, 158.28190000000004, 31.160999999999994]","[172.125, 114.75, 57.375]",14.337990382173535,"[177.48, 134.70800000000003, 26.52000000000001]","[204.0, 153.0, 101.99999999999999]",9.906070273441152,meter; warning absent,meter + AlertTriangle,True
Gilded,delete,ready/rest,unarmed / armed,"[181.56, 153.81600000000003, 83.64]","[195.07500000000002, 34.425000000000004, 34.425000000000004]",17.039081906673687,"[107.1, 89.76, 45.9]","[255, 0, 0]",23.36206185340384,Trash2,AlertTriangle,False
Gilded,delete,ready/hover,unarmed / armed,"[181.56, 153.81600000000003, 83.64]","[195.07500000000002, 34.425000000000004, 34.425000000000004]",17.039081906673687,"[107.1, 89.76, 45.9]","[255, 0, 0]",23.36206185340384,Trash2,AlertTriangle,False
Gilded,delete,ready/focus,unarmed / armed,"[181.56, 153.81600000000003, 83.64]","[195.07500000000002, 34.425000000000004, 34.425000000000004]",17.039081906673687,"[107.1, 89.76, 45.9]","[255, 0, 0]",23.36206185340384,Trash2,AlertTriangle,False
Gilded,delete,ready-exceeds/rest,unarmed / armed,"[70.176, 60.4656, 35.904]","[74.90625, 18.67875, 18.67875]",6.273849550380767,"[44.114999999999995, 38.046, 22.695]","[95.88, 6.630000000000001, 6.630000000000001]",10.201121553574538,Trash2,AlertTriangle,True
Gilded,delete,ready-exceeds/hover,unarmed / armed,"[70.176, 60.4656, 35.904]","[74.90625, 18.67875, 18.67875]",6.273849550380767,"[44.114999999999995, 38.046, 22.695]","[95.88, 6.630000000000001, 6.630000000000001]",10.201121553574538,Trash2,AlertTriangle,True
Gilded,delete,ready-exceeds/focus,unarmed / armed,"[70.176, 60.4656, 35.904]","[74.90625, 18.67875, 18.67875]",6.273849550380767,"[44.114999999999995, 38.046, 22.695]","[95.88, 6.630000000000001, 6.630000000000001]",10.201121553574538,Trash2,AlertTriangle,True
Gilded,key,required/rest,optional-absent / required-missing,"[71.4, 62.730000000000004, 40.800000000000004]","[172.125, 114.75, 57.375]",27.558605649270802,"[105.82499999999999, 99.3225, 82.875]","[204.0, 153.0, 101.99999999999999]",27.378445894110573,Circle,AlertTriangle,False
Gilded,key,required/rest,optional-absent / present,"[71.4, 62.730000000000004, 40.800000000000004]","[181.56, 153.81600000000003, 83.64]",38.88438534602612,"[105.82499999999999, 99.3225, 82.875]","[107.1, 89.76, 45.9]",9.665520083366916,Circle,CircleDot,True
Gilded,key,required/rest,optional-absent / verified,"[71.4, 62.730000000000004, 40.800000000000004]","[208.539, 158.28190000000004, 31.160999999999994]",45.991602192291126,"[105.82499999999999, 99.3225, 82.875]","[177.48, 134.70800000000003, 26.52000000000001]",25.618054002176063,Circle,CircleCheck,False
Gilded,key,required/rest,required-missing / present,"[172.125, 114.75, 57.375]","[181.56, 153.81600000000003, 83.64]",9.20305994887555,"[204.0, 153.0, 101.99999999999999]","[107.1, 89.76, 45.9]",27.979120217976284,AlertTriangle,CircleDot,False
Gilded,key,required/rest,required-missing / verified,"[172.125, 114.75, 57.375]","[208.539, 158.28190000000004, 31.160999999999994]",14.337990382173535,"[204.0, 153.0, 101.99999999999999]","[177.48, 134.70800000000003, 26.52000000000001]",9.906070273441152,AlertTriangle,CircleCheck,True
Gilded,key,required/rest,present / verified,"[181.56, 153.81600000000003, 83.64]","[208.539, 158.28190000000004, 31.160999999999994]",8.084904016113446,"[107.1, 89.76, 45.9]","[177.48, 134.70800000000003, 26.52000000000001]",23.022523885888248,CircleDot,CircleCheck,False
Gilded,key,required/hover,optional-absent / required-missing,"[132.6, 115.26000000000002, 71.4]","[172.125, 114.75, 57.375]",7.72892192098335,"[201.45, 188.445, 155.54999999999998]","[204.0, 153.0, 101.99999999999999]",9.96812603486925,Circle,AlertTriangle,True
Gilded,key,required/hover,optional-absent / present,"[132.6, 115.26000000000002, 71.4]","[181.56, 153.81600000000003, 83.64]",15.32055288939221,"[201.45, 188.445, 155.54999999999998]","[107.1, 89.76, 45.9]",34.10385971482208,Circle,CircleDot,False
Gilded,key,required/hover,optional-absent / verified,"[132.6, 115.26000000000002, 71.4]","[208.539, 158.28190000000004, 31.160999999999994]",21.598012943420677,"[201.45, 188.445, 155.54999999999998]","[177.48, 134.70800000000003, 26.52000000000001]",19.541225709093233,Circle,CircleCheck,False
Gilded,key,required/hover,required-missing / present,"[172.125, 114.75, 57.375]","[181.56, 153.81600000000003, 83.64]",9.20305994887555,"[204.0, 153.0, 101.99999999999999]","[107.1, 89.76, 45.9]",27.979120217976284,AlertTriangle,CircleDot,False
Gilded,key,required/hover,required-missing / verified,"[172.125, 114.75, 57.375]","[208.539, 158.28190000000004, 31.160999999999994]",14.337990382173535,"[204.0, 153.0, 101.99999999999999]","[177.48, 134.70800000000003, 26.52000000000001]",9.906070273441152,AlertTriangle,CircleCheck,True
Gilded,key,required/hover,present / verified,"[181.56, 153.81600000000003, 83.64]","[208.539, 158.28190000000004, 31.160999999999994]",8.084904016113446,"[107.1, 89.76, 45.9]","[177.48, 134.70800000000003, 26.52000000000001]",23.022523885888248,CircleDot,CircleCheck,False
Gilded,key,required/focus,optional-absent / required-missing,"[132.6, 115.26000000000002, 71.4]","[172.125, 114.75, 57.375]",7.72892192098335,"[201.45, 188.445, 155.54999999999998]","[204.0, 153.0, 101.99999999999999]",9.96812603486925,Circle,AlertTriangle,True
Gilded,key,required/focus,optional-absent / present,"[132.6, 115.26000000000002, 71.4]","[181.56, 153.81600000000003, 83.64]",15.32055288939221,"[201.45, 188.445, 155.54999999999998]","[107.1, 89.76, 45.9]",34.10385971482208,Circle,CircleDot,False
Gilded,key,required/focus,optional-absent / verified,"[132.6, 115.26000000000002, 71.4]","[208.539, 158.28190000000004, 31.160999999999994]",21.598012943420677,"[201.45, 188.445, 155.54999999999998]","[177.48, 134.70800000000003, 26.52000000000001]",19.541225709093233,Circle,CircleCheck,False
Gilded,key,required/focus,required-missing / present,"[172.125, 114.75, 57.375]","[181.56, 153.81600000000003, 83.64]",9.20305994887555,"[204.0, 153.0, 101.99999999999999]","[107.1, 89.76, 45.9]",27.979120217976284,AlertTriangle,CircleDot,False
Gilded,key,required/focus,required-missing / verified,"[172.125, 114.75, 57.375]","[208.539, 158.28190000000004, 31.160999999999994]",14.337990382173535,"[204.0, 153.0, 101.99999999999999]","[177.48, 134.70800000000003, 26.52000000000001]",9.906070273441152,AlertTriangle,CircleCheck,True
Gilded,key,required/focus,present / verified,"[181.56, 153.81600000000003, 83.64]","[208.539, 158.28190000000004, 31.160999999999994]",8.084904016113446,"[107.1, 89.76, 45.9]","[177.48, 134.70800000000003, 26.52000000000001]",23.022523885888248,CircleDot,CircleCheck,False
Gilded,key,optional/rest,optional-absent / required-missing,"[71.4, 62.730000000000004, 40.800000000000004]","[172.125, 114.75, 57.375]",27.558605649270802,"[105.82499999999999, 99.3225, 82.875]","[204.0, 153.0, 101.99999999999999]",27.378445894110573,Circle,AlertTriangle,False
Gilded,key,optional/rest,optional-absent / present,"[71.4, 62.730000000000004, 40.800000000000004]","[95.88, 82.00800000000001, 46.92]",8.110992474373157,"[105.82499999999999, 99.3225, 82.875]","[58.65, 49.980000000000004, 28.05]",16.931196893012313,Circle,CircleDot,False
Gilded,key,optional/rest,optional-absent / verified,"[71.4, 62.730000000000004, 40.800000000000004]","[109.3695, 84.24095000000003, 20.6805]",13.774703240065797,"[105.82499999999999, 99.3225, 82.875]","[93.84, 72.45400000000002, 18.360000000000007]",14.210069995423318,Circle,CircleCheck,True
Gilded,key,optional/rest,required-missing / present,"[172.125, 114.75, 57.375]","[95.88, 82.00800000000001, 46.92]",19.807242349119495,"[204.0, 153.0, 101.99999999999999]","[58.65, 49.980000000000004, 28.05]",45.53712041942352,AlertTriangle,CircleDot,False
Gilded,key,optional/rest,required-missing / verified,"[172.125, 114.75, 57.375]","[109.3695, 84.24095000000003, 20.6805]",16.41371532037838,"[204.0, 153.0, 101.99999999999999]","[93.84, 72.45400000000002, 18.360000000000007]",35.57420031583928,AlertTriangle,CircleCheck,False
Gilded,key,optional/rest,present / verified,"[95.88, 82.00800000000001, 46.92]","[109.3695, 84.24095000000003, 20.6805]",6.779403334981554,"[58.65, 49.980000000000004, 28.05]","[93.84, 72.45400000000002, 18.360000000000007]",12.129626840316082,CircleDot,CircleCheck,True
Gilded,key,optional/hover,optional-absent / required-missing,"[132.6, 115.26000000000002, 71.4]","[172.125, 114.75, 57.375]",7.72892192098335,"[201.45, 188.445, 155.54999999999998]","[204.0, 153.0, 101.99999999999999]",9.96812603486925,Circle,AlertTriangle,True
Gilded,key,optional/hover,optional-absent / present,"[132.6, 115.26000000000002, 71.4]","[181.56, 153.81600000000003, 83.64]",15.32055288939221,"[201.45, 188.445, 155.54999999999998]","[107.1, 89.76, 45.9]",34.10385971482208,Circle,CircleDot,False
Gilded,key,optional/hover,optional-absent / verified,"[132.6, 115.26000000000002, 71.4]","[208.539, 158.28190000000004, 31.160999999999994]",21.598012943420677,"[201.45, 188.445, 155.54999999999998]","[177.48, 134.70800000000003, 26.52000000000001]",19.541225709093233,Circle,CircleCheck,False
Gilded,key,optional/hover,required-missing / present,"[172.125, 114.75, 57.375]","[181.56, 153.81600000000003, 83.64]",9.20305994887555,"[204.0, 153.0, 101.99999999999999]","[107.1, 89.76, 45.9]",27.979120217976284,AlertTriangle,CircleDot,False
Gilded,key,optional/hover,required-missing / verified,"[172.125, 114.75, 57.375]","[208.539, 158.28190000000004, 31.160999999999994]",14.337990382173535,"[204.0, 153.0, 101.99999999999999]","[177.48, 134.70800000000003, 26.52000000000001]",9.906070273441152,AlertTriangle,CircleCheck,True
Gilded,key,optional/hover,present / verified,"[181.56, 153.81600000000003, 83.64]","[208.539, 158.28190000000004, 31.160999999999994]",8.084904016113446,"[107.1, 89.76, 45.9]","[177.48, 134.70800000000003, 26.52000000000001]",23.022523885888248,CircleDot,CircleCheck,False
Gilded,key,optional/focus,optional-absent / required-missing,"[132.6, 115.26000000000002, 71.4]","[172.125, 114.75, 57.375]",7.72892192098335,"[201.45, 188.445, 155.54999999999998]","[204.0, 153.0, 101.99999999999999]",9.96812603486925,Circle,AlertTriangle,True
Gilded,key,optional/focus,optional-absent / present,"[132.6, 115.26000000000002, 71.4]","[181.56, 153.81600000000003, 83.64]",15.32055288939221,"[201.45, 188.445, 155.54999999999998]","[107.1, 89.76, 45.9]",34.10385971482208,Circle,CircleDot,False
Gilded,key,optional/focus,optional-absent / verified,"[132.6, 115.26000000000002, 71.4]","[208.539, 158.28190000000004, 31.160999999999994]",21.598012943420677,"[201.45, 188.445, 155.54999999999998]","[177.48, 134.70800000000003, 26.52000000000001]",19.541225709093233,Circle,CircleCheck,False
Gilded,key,optional/focus,required-missing / present,"[172.125, 114.75, 57.375]","[181.56, 153.81600000000003, 83.64]",9.20305994887555,"[204.0, 153.0, 101.99999999999999]","[107.1, 89.76, 45.9]",27.979120217976284,AlertTriangle,CircleDot,False
Gilded,key,optional/focus,required-missing / verified,"[172.125, 114.75, 57.375]","[208.539, 158.28190000000004, 31.160999999999994]",14.337990382173535,"[204.0, 153.0, 101.99999999999999]","[177.48, 134.70800000000003, 26.52000000000001]",9.906070273441152,AlertTriangle,CircleCheck,True
Gilded,key,optional/focus,present / verified,"[181.56, 153.81600000000003, 83.64]","[208.539, 158.28190000000004, 31.160999999999994]",8.084904016113446,"[107.1, 89.76, 45.9]","[177.48, 134.70800000000003, 26.52000000000001]",23.022523885888248,CircleDot,CircleCheck,False
Gilded,map,canvas-sea/fill,rest / current,"[172.125, 114.75, 57.375]","[209.10000000000002, 181.04999999999998, 96.89999999999999]",16.800428551875378,"[204.0, 153.0, 101.99999999999999]","[118.57499999999999, 97.53750000000001, 34.425]",23.802879800882927,filled circle; no ring,filled circle + circular ring,False
Gilded,map,canvas-sea/fill,rest / selected,"[172.125, 114.75, 57.375]","[208.539, 158.28190000000004, 31.160999999999994]",14.337990382173535,"[204.0, 153.0, 101.99999999999999]","[177.48, 134.70800000000003, 26.52000000000001]",9.906070273441152,filled circle; no ring,filled square + square ring,True
Gilded,map,canvas-sea/fill,rest / hovered,"[172.125, 114.75, 57.375]","[209.10000000000002, 181.04999999999998, 96.89999999999999]",16.800428551875378,"[204.0, 153.0, 101.99999999999999]","[229.5, 191.25, 76.49999999999999]",11.63473675430485,filled circle; no ring,filled diamond + diamond ring,True
Gilded,map,canvas-sea/fill,current / selected,"[209.10000000000002, 181.04999999999998, 96.89999999999999]","[208.539, 158.28190000000004, 31.160999999999994]",6.961704626353169,"[118.57499999999999, 97.53750000000001, 34.425]","[177.48, 134.70800000000003, 26.52000000000001]",18.166842185552806,filled circle + circular ring,filled square + square ring,False
Gilded,map,canvas-sea/fill,current / hovered,"[209.10000000000002, 181.04999999999998, 96.89999999999999]","[209.10000000000002, 181.04999999999998, 96.89999999999999]",0,"[118.57499999999999, 97.53750000000001, 34.425]","[229.5, 191.25, 76.49999999999999]",32.69701409478548,filled circle + circular ring,filled diamond + diamond ring,False
Gilded,map,canvas-sea/fill,selected / hovered,"[208.539, 158.28190000000004, 31.160999999999994]","[209.10000000000002, 181.04999999999998, 96.89999999999999]",6.961704626353169,"[177.48, 134.70800000000003, 26.52000000000001]","[229.5, 191.25, 76.49999999999999]",15.4278857396218,filled square + square ring,filled diamond + diamond ring,False
Gilded,map,canvas-sea/ring,rest / current,"[172.125, 114.75, 57.375]","[130.56, 113.73, 63.23999999999999]",7.326844090326136,"[204.0, 153.0, 101.99999999999999]","[76.24499999999999, 63.6225, 25.755]",40.46476001678662,filled circle; no ring,filled circle + circular ring,False
Gilded,map,canvas-sea/ring,rest / selected,"[172.125, 114.75, 57.375]","[130.22339999999997, 100.06914000000002, 23.796599999999998]",9.862954046610353,"[204.0, 153.0, 101.99999999999999]","[111.588, 85.92480000000002, 21.012000000000008]",28.46860974457199,filled circle; no ring,filled square + square ring,False
Gilded,map,canvas-sea/ring,rest / hovered,"[172.125, 114.75, 57.375]","[130.56, 113.73, 63.23999999999999]",7.326844090326136,"[204.0, 153.0, 101.99999999999999]","[142.8, 119.85, 50.999999999999986]",14.459504861160388,filled circle; no ring,filled diamond + diamond ring,True
Gilded,map,canvas-sea/ring,current / selected,"[130.56, 113.73, 63.23999999999999]","[130.22339999999997, 100.06914000000002, 23.796599999999998]",6.3659257084362935,"[76.24499999999999, 63.6225, 25.755]","[111.588, 85.92480000000002, 21.012000000000008]",10.68111820753669,filled circle + circular ring,filled square + square ring,True
Gilded,map,canvas-sea/ring,current / hovered,"[130.56, 113.73, 63.23999999999999]","[130.56, 113.73, 63.23999999999999]",0,"[76.24499999999999, 63.6225, 25.755]","[142.8, 119.85, 50.999999999999986]",22.16047170035347,filled circle + circular ring,filled diamond + diamond ring,False
Gilded,map,canvas-sea/ring,selected / hovered,"[130.22339999999997, 100.06914000000002, 23.796599999999998]","[130.56, 113.73, 63.23999999999999]",6.3659257084362935,"[111.588, 85.92480000000002, 21.012000000000008]","[142.8, 119.85, 50.999999999999986]",12.51240364554908,filled square + square ring,filled diamond + diamond ring,True
Gilded,map,canvas-land/fill,rest / current,"[172.125, 114.75, 57.375]","[209.10000000000002, 181.04999999999998, 96.89999999999999]",16.800428551875378,"[204.0, 153.0, 101.99999999999999]","[118.57499999999999, 97.53750000000001, 34.425]",23.802879800882927,filled circle; no ring,filled circle + circular ring,False
Gilded,map,canvas-land/fill,rest / selected,"[172.125, 114.75, 57.375]","[208.539, 158.28190000000004, 31.160999999999994]",14.337990382173535,"[204.0, 153.0, 101.99999999999999]","[177.48, 134.70800000000003, 26.52000000000001]",9.906070273441152,filled circle; no ring,filled square + square ring,True
Gilded,map,canvas-land/fill,rest / hovered,"[172.125, 114.75, 57.375]","[209.10000000000002, 181.04999999999998, 96.89999999999999]",16.800428551875378,"[204.0, 153.0, 101.99999999999999]","[229.5, 191.25, 76.49999999999999]",11.63473675430485,filled circle; no ring,filled diamond + diamond ring,True
Gilded,map,canvas-land/fill,current / selected,"[209.10000000000002, 181.04999999999998, 96.89999999999999]","[208.539, 158.28190000000004, 31.160999999999994]",6.961704626353169,"[118.57499999999999, 97.53750000000001, 34.425]","[177.48, 134.70800000000003, 26.52000000000001]",18.166842185552806,filled circle + circular ring,filled square + square ring,False
Gilded,map,canvas-land/fill,current / hovered,"[209.10000000000002, 181.04999999999998, 96.89999999999999]","[209.10000000000002, 181.04999999999998, 96.89999999999999]",0,"[118.57499999999999, 97.53750000000001, 34.425]","[229.5, 191.25, 76.49999999999999]",32.69701409478548,filled circle + circular ring,filled diamond + diamond ring,False
Gilded,map,canvas-land/fill,selected / hovered,"[208.539, 158.28190000000004, 31.160999999999994]","[209.10000000000002, 181.04999999999998, 96.89999999999999]",6.961704626353169,"[177.48, 134.70800000000003, 26.52000000000001]","[229.5, 191.25, 76.49999999999999]",15.4278857396218,filled square + square ring,filled diamond + diamond ring,False
Gilded,map,canvas-land/ring,rest / current,"[172.125, 114.75, 57.375]","[143.09049599999997, 123.0440416, 64.41830399999999]",3.2184900262970824,"[204.0, 153.0, 101.99999999999999]","[86.78772, 71.427812, 26.63628]",36.99829211105853,filled circle; no ring,filled circle + circular ring,False
Gilded,map,canvas-land/ring,rest / selected,"[172.125, 114.75, 57.375]","[142.753896, 109.38318160000001, 24.974903999999995]",6.029083048722938,"[204.0, 153.0, 101.99999999999999]","[122.13072, 93.73011200000003, 21.893280000000004]",24.51172481154317,filled circle; no ring,filled square + square ring,False
Gilded,map,canvas-land/ring,rest / hovered,"[172.125, 114.75, 57.375]","[143.09049599999997, 123.0440416, 64.41830399999999]",3.2184900262970824,"[204.0, 153.0, 101.99999999999999]","[153.34271999999999, 127.65531199999998, 51.88127999999999]",11.547353397094195,filled circle; no ring,filled diamond + diamond ring,True
Gilded,map,canvas-land/ring,current / selected,"[143.09049599999997, 123.0440416, 64.41830399999999]","[142.753896, 109.38318160000001, 24.974903999999995]",5.896061714756184,"[86.78772, 71.427812, 26.63628]","[122.13072, 93.73011200000003, 21.893280000000004]",10.612118242348798,filled circle + circular ring,filled square + square ring,True
Gilded,map,canvas-land/ring,current / hovered,"[143.09049599999997, 123.0440416, 64.41830399999999]","[143.09049599999997, 123.0440416, 64.41830399999999]",0,"[86.78772, 71.427812, 26.63628]","[153.34271999999999, 127.65531199999998, 51.88127999999999]",22.76656421623055,filled circle + circular ring,filled diamond + diamond ring,False
Gilded,map,canvas-land/ring,selected / hovered,"[142.753896, 109.38318160000001, 24.974903999999995]","[143.09049599999997, 123.0440416, 64.41830399999999]",5.896061714756184,"[122.13072, 93.73011200000003, 21.893280000000004]","[153.34271999999999, 127.65531199999998, 51.88127999999999]",12.858861432707167,filled square + square ring,filled diamond + diamond ring,True
Gilded,map,sidebar-wash-0/rest/fill,rest / current,"[172.125, 114.75, 57.375]","[209.10000000000002, 181.04999999999998, 96.89999999999999]",16.800428551875378,"[204.0, 153.0, 101.99999999999999]","[118.57499999999999, 97.53750000000001, 34.425]",23.802879800882927,filled circle; no ring,filled circle + circular ring,False
Gilded,map,sidebar-wash-0/rest/fill,rest / selected,"[172.125, 114.75, 57.375]","[208.539, 158.28190000000004, 31.160999999999994]",14.337990382173535,"[204.0, 153.0, 101.99999999999999]","[177.48, 134.70800000000003, 26.52000000000001]",9.906070273441152,filled circle; no ring,filled square + square ring,True
Gilded,map,sidebar-wash-0/rest/fill,rest / hovered,"[172.125, 114.75, 57.375]","[209.10000000000002, 181.04999999999998, 96.89999999999999]",16.800428551875378,"[204.0, 153.0, 101.99999999999999]","[229.5, 191.25, 76.49999999999999]",11.63473675430485,filled circle; no ring,filled diamond + diamond ring,True
Gilded,map,sidebar-wash-0/rest/fill,current / selected,"[209.10000000000002, 181.04999999999998, 96.89999999999999]","[208.539, 158.28190000000004, 31.160999999999994]",6.961704626353169,"[118.57499999999999, 97.53750000000001, 34.425]","[177.48, 134.70800000000003, 26.52000000000001]",18.166842185552806,filled circle + circular ring,filled square + square ring,False
Gilded,map,sidebar-wash-0/rest/fill,current / hovered,"[209.10000000000002, 181.04999999999998, 96.89999999999999]","[209.10000000000002, 181.04999999999998, 96.89999999999999]",0,"[118.57499999999999, 97.53750000000001, 34.425]","[229.5, 191.25, 76.49999999999999]",32.69701409478548,filled circle + circular ring,filled diamond + diamond ring,False
Gilded,map,sidebar-wash-0/rest/fill,selected / hovered,"[208.539, 158.28190000000004, 31.160999999999994]","[209.10000000000002, 181.04999999999998, 96.89999999999999]",6.961704626353169,"[177.48, 134.70800000000003, 26.52000000000001]","[229.5, 191.25, 76.49999999999999]",15.4278857396218,filled square + square ring,filled diamond + diamond ring,False
Gilded,map,sidebar-wash-0/rest/ring,rest / current,"[172.125, 114.75, 57.375]","[209.10000000000002, 181.04999999999998, 96.89999999999999]",16.800428551875378,"[204.0, 153.0, 101.99999999999999]","[75.225, 62.6025, 24.734999999999996]",40.806634841675645,filled circle; no ring,filled circle + circular ring,False
Gilded,map,sidebar-wash-0/rest/ring,rest / selected,"[172.125, 114.75, 57.375]","[208.539, 158.28190000000004, 31.160999999999994]",14.337990382173535,"[204.0, 153.0, 101.99999999999999]","[118.59743999999999, 90.88118400000002, 20.775360000000003]",25.88107713132474,filled circle; no ring,filled square + square ring,False
Gilded,map,sidebar-wash-0/rest/ring,rest / hovered,"[172.125, 114.75, 57.375]","[209.10000000000002, 181.04999999999998, 96.89999999999999]",16.800428551875378,"[204.0, 153.0, 101.99999999999999]","[141.78, 118.83, 49.97999999999999]",14.846096648163911,filled circle; no ring,filled diamond + diamond ring,True
Gilded,map,sidebar-wash-0/rest/ring,current / selected,"[209.10000000000002, 181.04999999999998, 96.89999999999999]","[208.539, 158.28190000000004, 31.160999999999994]",6.961704626353169,"[75.225, 62.6025, 24.734999999999996]","[118.59743999999999, 90.88118400000002, 20.775360000000003]",13.086624506783153,filled circle + circular ring,filled square + square ring,True
Gilded,map,sidebar-wash-0/rest/ring,current / hovered,"[209.10000000000002, 181.04999999999998, 96.89999999999999]","[209.10000000000002, 181.04999999999998, 96.89999999999999]",0,"[75.225, 62.6025, 24.734999999999996]","[141.78, 118.83, 49.97999999999999]",22.07819467098016,filled circle + circular ring,filled diamond + diamond ring,False
Gilded,map,sidebar-wash-0/rest/ring,selected / hovered,"[208.539, 158.28190000000004, 31.160999999999994]","[209.10000000000002, 181.04999999999998, 96.89999999999999]",6.961704626353169,"[118.59743999999999, 90.88118400000002, 20.775360000000003]","[141.78, 118.83, 49.97999999999999]",10.099540526619462,filled square + square ring,filled diamond + diamond ring,True
Gilded,map,sidebar-wash-0/hover/fill,rest / current,"[172.125, 114.75, 57.375]","[209.10000000000002, 181.04999999999998, 96.89999999999999]",16.800428551875378,"[204.0, 153.0, 101.99999999999999]","[118.57499999999999, 97.53750000000001, 34.425]",23.802879800882927,filled circle; no ring,filled circle + circular ring,False
Gilded,map,sidebar-wash-0/hover/fill,rest / selected,"[172.125, 114.75, 57.375]","[208.539, 158.28190000000004, 31.160999999999994]",14.337990382173535,"[204.0, 153.0, 101.99999999999999]","[177.48, 134.70800000000003, 26.52000000000001]",9.906070273441152,filled circle; no ring,filled square + square ring,True
Gilded,map,sidebar-wash-0/hover/fill,rest / hovered,"[172.125, 114.75, 57.375]","[209.10000000000002, 181.04999999999998, 96.89999999999999]",16.800428551875378,"[204.0, 153.0, 101.99999999999999]","[229.5, 191.25, 76.49999999999999]",11.63473675430485,filled circle; no ring,filled diamond + diamond ring,True
Gilded,map,sidebar-wash-0/hover/fill,current / selected,"[209.10000000000002, 181.04999999999998, 96.89999999999999]","[208.539, 158.28190000000004, 31.160999999999994]",6.961704626353169,"[118.57499999999999, 97.53750000000001, 34.425]","[177.48, 134.70800000000003, 26.52000000000001]",18.166842185552806,filled circle + circular ring,filled square + square ring,False
Gilded,map,sidebar-wash-0/hover/fill,current / hovered,"[209.10000000000002, 181.04999999999998, 96.89999999999999]","[209.10000000000002, 181.04999999999998, 96.89999999999999]",0,"[118.57499999999999, 97.53750000000001, 34.425]","[229.5, 191.25, 76.49999999999999]",32.69701409478548,filled circle + circular ring,filled diamond + diamond ring,False
Gilded,map,sidebar-wash-0/hover/fill,selected / hovered,"[208.539, 158.28190000000004, 31.160999999999994]","[209.10000000000002, 181.04999999999998, 96.89999999999999]",6.961704626353169,"[177.48, 134.70800000000003, 26.52000000000001]","[229.5, 191.25, 76.49999999999999]",15.4278857396218,filled square + square ring,filled diamond + diamond ring,False
Gilded,map,sidebar-wash-0/hover/ring,rest / current,"[172.125, 114.75, 57.375]","[209.10000000000002, 181.04999999999998, 96.89999999999999]",16.800428551875378,"[204.0, 153.0, 101.99999999999999]","[83.13, 69.207, 28.049999999999997]",38.17316160130011,filled circle; no ring,filled circle + circular ring,False
Gilded,map,sidebar-wash-0/hover/ring,rest / selected,"[172.125, 114.75, 57.375]","[208.539, 158.28190000000004, 31.160999999999994]",14.337990382173535,"[204.0, 153.0, 101.99999999999999]","[118.59743999999999, 90.88118400000002, 20.775360000000003]",25.88107713132474,filled circle; no ring,filled square + square ring,False
Gilded,map,sidebar-wash-0/hover/ring,rest / hovered,"[172.125, 114.75, 57.375]","[209.10000000000002, 181.04999999999998, 96.89999999999999]",16.800428551875378,"[204.0, 153.0, 101.99999999999999]","[149.68500000000003, 125.43449999999999, 53.29499999999999]",12.348993796141103,filled circle; no ring,filled diamond + diamond ring,True
Gilded,map,sidebar-wash-0/hover/ring,current / selected,"[209.10000000000002, 181.04999999999998, 96.89999999999999]","[208.539, 158.28190000000004, 31.160999999999994]",6.961704626353169,"[83.13, 69.207, 28.049999999999997]","[118.59743999999999, 90.88118400000002, 20.775360000000003]",10.726075097369451,filled circle + circular ring,filled square + square ring,True
Gilded,map,sidebar-wash-0/hover/ring,current / hovered,"[209.10000000000002, 181.04999999999998, 96.89999999999999]","[209.10000000000002, 181.04999999999998, 96.89999999999999]",0,"[83.13, 69.207, 28.049999999999997]","[149.68500000000003, 125.43449999999999, 53.29499999999999]",22.59499231858965,filled circle + circular ring,filled diamond + diamond ring,False
Gilded,map,sidebar-wash-0/hover/ring,selected / hovered,"[208.539, 158.28190000000004, 31.160999999999994]","[209.10000000000002, 181.04999999999998, 96.89999999999999]",6.961704626353169,"[118.59743999999999, 90.88118400000002, 20.775360000000003]","[149.68500000000003, 125.43449999999999, 53.29499999999999]",12.938905636592375,filled square + square ring,filled diamond + diamond ring,True
Gilded,map,sidebar-wash-0/selected-current/fill,rest / current,"[172.125, 114.75, 57.375]","[209.10000000000002, 181.04999999999998, 96.89999999999999]",16.800428551875378,"[204.0, 153.0, 101.99999999999999]","[118.57499999999999, 97.53750000000001, 34.425]",23.802879800882927,filled circle; no ring,filled circle + circular ring,False
Gilded,map,sidebar-wash-0/selected-current/fill,rest / selected,"[172.125, 114.75, 57.375]","[208.539, 158.28190000000004, 31.160999999999994]",14.337990382173535,"[204.0, 153.0, 101.99999999999999]","[177.48, 134.70800000000003, 26.52000000000001]",9.906070273441152,filled circle; no ring,filled square + square ring,True
Gilded,map,sidebar-wash-0/selected-current/fill,rest / hovered,"[172.125, 114.75, 57.375]","[209.10000000000002, 181.04999999999998, 96.89999999999999]",16.800428551875378,"[204.0, 153.0, 101.99999999999999]","[229.5, 191.25, 76.49999999999999]",11.63473675430485,filled circle; no ring,filled diamond + diamond ring,True
Gilded,map,sidebar-wash-0/selected-current/fill,current / selected,"[209.10000000000002, 181.04999999999998, 96.89999999999999]","[208.539, 158.28190000000004, 31.160999999999994]",6.961704626353169,"[118.57499999999999, 97.53750000000001, 34.425]","[177.48, 134.70800000000003, 26.52000000000001]",18.166842185552806,filled circle + circular ring,filled square + square ring,False
Gilded,map,sidebar-wash-0/selected-current/fill,current / hovered,"[209.10000000000002, 181.04999999999998, 96.89999999999999]","[209.10000000000002, 181.04999999999998, 96.89999999999999]",0,"[118.57499999999999, 97.53750000000001, 34.425]","[229.5, 191.25, 76.49999999999999]",32.69701409478548,filled circle + circular ring,filled diamond + diamond ring,False
Gilded,map,sidebar-wash-0/selected-current/fill,selected / hovered,"[208.539, 158.28190000000004, 31.160999999999994]","[209.10000000000002, 181.04999999999998, 96.89999999999999]",6.961704626353169,"[177.48, 134.70800000000003, 26.52000000000001]","[229.5, 191.25, 76.49999999999999]",15.4278857396218,filled square + square ring,filled diamond + diamond ring,False
Gilded,map,sidebar-wash-0/selected-current/ring,rest / current,"[172.125, 114.75, 57.375]","[209.10000000000002, 181.04999999999998, 96.89999999999999]",16.800428551875378,"[204.0, 153.0, 101.99999999999999]","[83.25444, 68.57888399999999, 25.518359999999998]",38.29293043977046,filled circle; no ring,filled circle + circular ring,False
Gilded,map,sidebar-wash-0/selected-current/ring,rest / selected,"[172.125, 114.75, 57.375]","[208.539, 158.28190000000004, 31.160999999999994]",14.337990382173535,"[204.0, 153.0, 101.99999999999999]","[118.59743999999999, 90.88118400000002, 20.775360000000003]",25.88107713132474,filled circle; no ring,filled square + square ring,False
Gilded,map,sidebar-wash-0/selected-current/ring,rest / hovered,"[172.125, 114.75, 57.375]","[209.10000000000002, 181.04999999999998, 96.89999999999999]",16.800428551875378,"[204.0, 153.0, 101.99999999999999]","[141.78, 118.83, 49.97999999999999]",14.846096648163911,filled circle; no ring,filled diamond + diamond ring,True
Gilded,map,sidebar-wash-0/selected-current/ring,current / selected,"[209.10000000000002, 181.04999999999998, 96.89999999999999]","[208.539, 158.28190000000004, 31.160999999999994]",6.961704626353169,"[83.25444, 68.57888399999999, 25.518359999999998]","[118.59743999999999, 90.88118400000002, 20.775360000000003]",10.58507432713944,filled circle + circular ring,filled square + square ring,True
Gilded,map,sidebar-wash-0/selected-current/ring,current / hovered,"[209.10000000000002, 181.04999999999998, 96.89999999999999]","[209.10000000000002, 181.04999999999998, 96.89999999999999]",0,"[83.25444, 68.57888399999999, 25.518359999999998]","[141.78, 118.83, 49.97999999999999]",19.712546427659344,filled circle + circular ring,filled diamond + diamond ring,False
Gilded,map,sidebar-wash-0/selected-current/ring,selected / hovered,"[208.539, 158.28190000000004, 31.160999999999994]","[209.10000000000002, 181.04999999999998, 96.89999999999999]",6.961704626353169,"[118.59743999999999, 90.88118400000002, 20.775360000000003]","[141.78, 118.83, 49.97999999999999]",10.099540526619462,filled square + square ring,filled diamond + diamond ring,True
Gilded,map,sidebar-wash-0.07/rest/fill,rest / current,"[172.125, 114.75, 57.375]","[209.10000000000002, 181.04999999999998, 96.89999999999999]",16.800428551875378,"[204.0, 153.0, 101.99999999999999]","[118.57499999999999, 97.53750000000001, 34.425]",23.802879800882927,filled circle; no ring,filled circle + circular ring,False
Gilded,map,sidebar-wash-0.07/rest/fill,rest / selected,"[172.125, 114.75, 57.375]","[208.539, 158.28190000000004, 31.160999999999994]",14.337990382173535,"[204.0, 153.0, 101.99999999999999]","[177.48, 134.70800000000003, 26.52000000000001]",9.906070273441152,filled circle; no ring,filled square + square ring,True
Gilded,map,sidebar-wash-0.07/rest/fill,rest / hovered,"[172.125, 114.75, 57.375]","[209.10000000000002, 181.04999999999998, 96.89999999999999]",16.800428551875378,"[204.0, 153.0, 101.99999999999999]","[229.5, 191.25, 76.49999999999999]",11.63473675430485,filled circle; no ring,filled diamond + diamond ring,True
Gilded,map,sidebar-wash-0.07/rest/fill,current / selected,"[209.10000000000002, 181.04999999999998, 96.89999999999999]","[208.539, 158.28190000000004, 31.160999999999994]",6.961704626353169,"[118.57499999999999, 97.53750000000001, 34.425]","[177.48, 134.70800000000003, 26.52000000000001]",18.166842185552806,filled circle + circular ring,filled square + square ring,False
Gilded,map,sidebar-wash-0.07/rest/fill,current / hovered,"[209.10000000000002, 181.04999999999998, 96.89999999999999]","[209.10000000000002, 181.04999999999998, 96.89999999999999]",0,"[118.57499999999999, 97.53750000000001, 34.425]","[229.5, 191.25, 76.49999999999999]",32.69701409478548,filled circle + circular ring,filled diamond + diamond ring,False
Gilded,map,sidebar-wash-0.07/rest/fill,selected / hovered,"[208.539, 158.28190000000004, 31.160999999999994]","[209.10000000000002, 181.04999999999998, 96.89999999999999]",6.961704626353169,"[177.48, 134.70800000000003, 26.52000000000001]","[229.5, 191.25, 76.49999999999999]",15.4278857396218,filled square + square ring,filled diamond + diamond ring,False
Gilded,map,sidebar-wash-0.07/rest/ring,rest / current,"[172.125, 114.75, 57.375]","[209.10000000000002, 181.04999999999998, 96.89999999999999]",16.800428551875378,"[204.0, 153.0, 101.99999999999999]","[79.36619999999999, 63.60209999999999, 27.829]",40.114713431798116,filled circle; no ring,filled circle + circular ring,False
Gilded,map,sidebar-wash-0.07/rest/ring,rest / selected,"[172.125, 114.75, 57.375]","[208.539, 158.28190000000004, 31.160999999999994]",14.337990382173535,"[204.0, 153.0, 101.99999999999999]","[122.241696, 91.76083200000002, 23.49808000000001]",25.008538353937098,filled circle; no ring,filled square + square ring,False
Gilded,map,sidebar-wash-0.07/rest/ring,rest / hovered,"[172.125, 114.75, 57.375]","[209.10000000000002, 181.04999999999998, 96.89999999999999]",16.800428551875378,"[204.0, 153.0, 101.99999999999999]","[145.92120000000003, 119.82959999999999, 53.07399999999999]",14.037866750179058,filled circle; no ring,filled diamond + diamond ring,True
Gilded,map,sidebar-wash-0.07/rest/ring,current / selected,"[209.10000000000002, 181.04999999999998, 96.89999999999999]","[208.539, 158.28190000000004, 31.160999999999994]",6.961704626353169,"[79.36619999999999, 63.60209999999999, 27.829]","[122.241696, 91.76083200000002, 23.49808000000001]",13.183178944475456,filled circle + circular ring,filled square + square ring,True
Gilded,map,sidebar-wash-0.07/rest/ring,current / hovered,"[209.10000000000002, 181.04999999999998, 96.89999999999999]","[209.10000000000002, 181.04999999999998, 96.89999999999999]",0,"[79.36619999999999, 63.60209999999999, 27.829]","[145.92120000000003, 119.82959999999999, 53.07399999999999]",22.26940370982446,filled circle + circular ring,filled diamond + diamond ring,False
Gilded,map,sidebar-wash-0.07/rest/ring,selected / hovered,"[208.539, 158.28190000000004, 31.160999999999994]","[209.10000000000002, 181.04999999999998, 96.89999999999999]",6.961704626353169,"[122.241696, 91.76083200000002, 23.49808000000001]","[145.92120000000003, 119.82959999999999, 53.07399999999999]",10.266176964731589,filled square + square ring,filled diamond + diamond ring,True
Gilded,map,sidebar-wash-0.07/hover/fill,rest / current,"[172.125, 114.75, 57.375]","[209.10000000000002, 181.04999999999998, 96.89999999999999]",16.800428551875378,"[204.0, 153.0, 101.99999999999999]","[118.57499999999999, 97.53750000000001, 34.425]",23.802879800882927,filled circle; no ring,filled circle + circular ring,False
Gilded,map,sidebar-wash-0.07/hover/fill,rest / selected,"[172.125, 114.75, 57.375]","[208.539, 158.28190000000004, 31.160999999999994]",14.337990382173535,"[204.0, 153.0, 101.99999999999999]","[177.48, 134.70800000000003, 26.52000000000001]",9.906070273441152,filled circle; no ring,filled square + square ring,True
Gilded,map,sidebar-wash-0.07/hover/fill,rest / hovered,"[172.125, 114.75, 57.375]","[209.10000000000002, 181.04999999999998, 96.89999999999999]",16.800428551875378,"[204.0, 153.0, 101.99999999999999]","[229.5, 191.25, 76.49999999999999]",11.63473675430485,filled circle; no ring,filled diamond + diamond ring,True
Gilded,map,sidebar-wash-0.07/hover/fill,current / selected,"[209.10000000000002, 181.04999999999998, 96.89999999999999]","[208.539, 158.28190000000004, 31.160999999999994]",6.961704626353169,"[118.57499999999999, 97.53750000000001, 34.425]","[177.48, 134.70800000000003, 26.52000000000001]",18.166842185552806,filled circle + circular ring,filled square + square ring,False
Gilded,map,sidebar-wash-0.07/hover/fill,current / hovered,"[209.10000000000002, 181.04999999999998, 96.89999999999999]","[209.10000000000002, 181.04999999999998, 96.89999999999999]",0,"[118.57499999999999, 97.53750000000001, 34.425]","[229.5, 191.25, 76.49999999999999]",32.69701409478548,filled circle + circular ring,filled diamond + diamond ring,False
Gilded,map,sidebar-wash-0.07/hover/fill,selected / hovered,"[208.539, 158.28190000000004, 31.160999999999994]","[209.10000000000002, 181.04999999999998, 96.89999999999999]",6.961704626353169,"[177.48, 134.70800000000003, 26.52000000000001]","[229.5, 191.25, 76.49999999999999]",15.4278857396218,filled square + square ring,filled diamond + diamond ring,False
Gilded,map,sidebar-wash-0.07/hover/ring,rest / current,"[172.125, 114.75, 57.375]","[209.10000000000002, 181.04999999999998, 96.89999999999999]",16.800428551875378,"[204.0, 153.0, 101.99999999999999]","[85.2006, 69.7068, 29.596999999999998]",37.7560253861954,filled circle; no ring,filled circle + circular ring,False
Gilded,map,sidebar-wash-0.07/hover/ring,rest / selected,"[172.125, 114.75, 57.375]","[208.539, 158.28190000000004, 31.160999999999994]",14.337990382173535,"[204.0, 153.0, 101.99999999999999]","[122.241696, 91.76083200000002, 23.49808000000001]",25.008538353937098,filled circle; no ring,filled square + square ring,False
Gilded,map,sidebar-wash-0.07/hover/ring,rest / hovered,"[172.125, 114.75, 57.375]","[209.10000000000002, 181.04999999999998, 96.89999999999999]",16.800428551875378,"[204.0, 153.0, 101.99999999999999]","[151.75560000000002, 125.9343, 54.84199999999999]",11.962085343750624,filled circle; no ring,filled diamond + diamond ring,True
Gilded,map,sidebar-wash-0.07/hover/ring,current / selected,"[209.10000000000002, 181.04999999999998, 96.89999999999999]","[208.539, 158.28190000000004, 31.160999999999994]",6.961704626353169,"[85.2006, 69.7068, 29.596999999999998]","[122.241696, 91.76083200000002, 23.49808000000001]",11.048330708764336,filled circle + circular ring,filled square + square ring,True
Gilded,map,sidebar-wash-0.07/hover/ring,current / hovered,"[209.10000000000002, 181.04999999999998, 96.89999999999999]","[209.10000000000002, 181.04999999999998, 96.89999999999999]",0,"[85.2006, 69.7068, 29.596999999999998]","[151.75560000000002, 125.9343, 54.84199999999999]",22.699856883964028,filled circle + circular ring,filled diamond + diamond ring,False
Gilded,map,sidebar-wash-0.07/hover/ring,selected / hovered,"[208.539, 158.28190000000004, 31.160999999999994]","[209.10000000000002, 181.04999999999998, 96.89999999999999]",6.961704626353169,"[122.241696, 91.76083200000002, 23.49808000000001]","[151.75560000000002, 125.9343, 54.84199999999999]",12.657786584542809,filled square + square ring,filled diamond + diamond ring,True
Gilded,map,sidebar-wash-0.07/selected-current/fill,rest / current,"[172.125, 114.75, 57.375]","[209.10000000000002, 181.04999999999998, 96.89999999999999]",16.800428551875378,"[204.0, 153.0, 101.99999999999999]","[118.57499999999999, 97.53750000000001, 34.425]",23.802879800882927,filled circle; no ring,filled circle + circular ring,False
Gilded,map,sidebar-wash-0.07/selected-current/fill,rest / selected,"[172.125, 114.75, 57.375]","[208.539, 158.28190000000004, 31.160999999999994]",14.337990382173535,"[204.0, 153.0, 101.99999999999999]","[177.48, 134.70800000000003, 26.52000000000001]",9.906070273441152,filled circle; no ring,filled square + square ring,True
Gilded,map,sidebar-wash-0.07/selected-current/fill,rest / hovered,"[172.125, 114.75, 57.375]","[209.10000000000002, 181.04999999999998, 96.89999999999999]",16.800428551875378,"[204.0, 153.0, 101.99999999999999]","[229.5, 191.25, 76.49999999999999]",11.63473675430485,filled circle; no ring,filled diamond + diamond ring,True
Gilded,map,sidebar-wash-0.07/selected-current/fill,current / selected,"[209.10000000000002, 181.04999999999998, 96.89999999999999]","[208.539, 158.28190000000004, 31.160999999999994]",6.961704626353169,"[118.57499999999999, 97.53750000000001, 34.425]","[177.48, 134.70800000000003, 26.52000000000001]",18.166842185552806,filled circle + circular ring,filled square + square ring,False
Gilded,map,sidebar-wash-0.07/selected-current/fill,current / hovered,"[209.10000000000002, 181.04999999999998, 96.89999999999999]","[209.10000000000002, 181.04999999999998, 96.89999999999999]",0,"[118.57499999999999, 97.53750000000001, 34.425]","[229.5, 191.25, 76.49999999999999]",32.69701409478548,filled circle + circular ring,filled diamond + diamond ring,False
Gilded,map,sidebar-wash-0.07/selected-current/fill,selected / hovered,"[208.539, 158.28190000000004, 31.160999999999994]","[209.10000000000002, 181.04999999999998, 96.89999999999999]",6.961704626353169,"[177.48, 134.70800000000003, 26.52000000000001]","[229.5, 191.25, 76.49999999999999]",15.4278857396218,filled square + square ring,filled diamond + diamond ring,False
Gilded,map,sidebar-wash-0.07/selected-current/ring,rest / current,"[172.125, 114.75, 57.375]","[209.10000000000002, 181.04999999999998, 96.89999999999999]",16.800428551875378,"[204.0, 153.0, 101.99999999999999]","[86.89869599999999, 69.45853199999999, 28.241079999999997]",37.550941197043755,filled circle; no ring,filled circle + circular ring,False
Gilded,map,sidebar-wash-0.07/selected-current/ring,rest / selected,"[172.125, 114.75, 57.375]","[208.539, 158.28190000000004, 31.160999999999994]",14.337990382173535,"[204.0, 153.0, 101.99999999999999]","[122.241696, 91.76083200000002, 23.49808000000001]",25.008538353937098,filled circle; no ring,filled square + square ring,False
Gilded,map,sidebar-wash-0.07/selected-current/ring,rest / hovered,"[172.125, 114.75, 57.375]","[209.10000000000002, 181.04999999999998, 96.89999999999999]",16.800428551875378,"[204.0, 153.0, 101.99999999999999]","[145.92120000000003, 119.82959999999999, 53.07399999999999]",14.037866750179058,filled circle; no ring,filled diamond + diamond ring,True
Gilded,map,sidebar-wash-0.07/selected-current/ring,current / selected,"[209.10000000000002, 181.04999999999998, 96.89999999999999]","[208.539, 158.28190000000004, 31.160999999999994]",6.961704626353169,"[86.89869599999999, 69.45853199999999, 28.241079999999997]","[122.241696, 91.76083200000002, 23.49808000000001]",10.714193555693035,filled circle + circular ring,filled square + square ring,True
Gilded,map,sidebar-wash-0.07/selected-current/ring,current / hovered,"[209.10000000000002, 181.04999999999998, 96.89999999999999]","[209.10000000000002, 181.04999999999998, 96.89999999999999]",0,"[86.89869599999999, 69.45853199999999, 28.241079999999997]","[145.92120000000003, 119.82959999999999, 53.07399999999999]",19.958207425952253,filled circle + circular ring,filled diamond + diamond ring,False
Gilded,map,sidebar-wash-0.07/selected-current/ring,selected / hovered,"[208.539, 158.28190000000004, 31.160999999999994]","[209.10000000000002, 181.04999999999998, 96.89999999999999]",6.961704626353169,"[122.241696, 91.76083200000002, 23.49808000000001]","[145.92120000000003, 119.82959999999999, 53.07399999999999]",10.266176964731589,filled square + square ring,filled diamond + diamond ring,True
Vector,memory,fill,normal / over,"[0, 233.74999999999986, 255]","[36.975000000000016, 174.6749999999999, 243.525]",14.40404073730409,"[0, 233.74999999999986, 255]","[0, 135.9999999999999, 204.0]",25.295466866782746,meter; warning absent,meter + AlertTriangle,False
Vector,delete,ready/rest,unarmed / armed,"[94.35000000000001, 178.49999999999997, 186.15]","[232.05, 48.45000000000002, 79.05000000000007]",34.19818261757641,"[76.5, 169.99999999999994, 178.5]","[232.05, 48.45000000000002, 79.05000000000007]",34.37953115956112,Trash2,AlertTriangle,False
Vector,delete,ready/hover,unarmed / armed,"[94.35000000000001, 178.49999999999997, 186.15]","[232.05, 48.45000000000002, 79.05000000000007]",34.19818261757641,"[76.5, 169.99999999999994, 178.5]","[232.05, 48.45000000000002, 79.05000000000007]",34.37953115956112,Trash2,AlertTriangle,False
Vector,delete,ready/focus,unarmed / armed,"[94.35000000000001, 178.49999999999997, 186.15]","[232.05, 48.45000000000002, 79.05000000000007]",34.19818261757641,"[76.5, 169.99999999999994, 178.5]","[232.05, 48.45000000000002, 79.05000000000007]",34.37953115956112,Trash2,AlertTriangle,False
Vector,delete,ready-exceeds/rest,unarmed / armed,"[36.50325, 68.93924999999999, 71.61675]","[84.69825, 23.421750000000003, 34.131750000000025]",16.408197999576796,"[30.25575, 65.96424999999996, 68.93925]","[84.69825, 23.421750000000003, 34.131750000000025]",16.617971914349088,Trash2,AlertTriangle,False
Vector,delete,ready-exceeds/hover,unarmed / armed,"[36.50325, 68.93924999999999, 71.61675]","[84.69825, 23.421750000000003, 34.131750000000025]",16.408197999576796,"[30.25575, 65.96424999999996, 68.93925]","[84.69825, 23.421750000000003, 34.131750000000025]",16.617971914349088,Trash2,AlertTriangle,False
Vector,delete,ready-exceeds/focus,unarmed / armed,"[36.50325, 68.93924999999999, 71.61675]","[84.69825, 23.421750000000003, 34.131750000000025]",16.408197999576796,"[30.25575, 65.96424999999996, 68.93925]","[84.69825, 23.421750000000003, 34.131750000000025]",16.617971914349088,Trash2,AlertTriangle,False
Vector,key,required/rest,optional-absent / required-missing,"[38.377500000000005, 68.7225, 71.27250000000001]","[36.975000000000016, 174.6749999999999, 243.525]",41.3508836007381,"[29.452499999999997, 52.78499999999998, 54.6975]","[0, 135.9999999999999, 204.0]",32.61282762915505,Circle,AlertTriangle,False
Vector,key,required/rest,optional-absent / present,"[38.377500000000005, 68.7225, 71.27250000000001]","[94.35000000000001, 178.49999999999997, 186.15]",39.08973543617644,"[29.452499999999997, 52.78499999999998, 54.6975]","[76.5, 169.99999999999994, 178.5]",39.249474049576584,Circle,CircleDot,False
Vector,key,required/rest,optional-absent / verified,"[38.377500000000005, 68.7225, 71.27250000000001]","[0, 233.74999999999986, 255]",54.864998719819546,"[29.452499999999997, 52.78499999999998, 54.6975]","[0, 233.74999999999986, 255]",63.516490332604576,Circle,CircleCheck,False
Vector,key,required/rest,required-missing / present,"[36.975000000000016, 174.6749999999999, 243.525]","[94.35000000000001, 178.49999999999997, 186.15]",13.513540821543312,"[0, 135.9999999999999, 204.0]","[76.5, 169.99999999999994, 178.5]",16.175370890491763,AlertTriangle,CircleDot,False
Vector,key,required/rest,required-missing / verified,"[36.975000000000016, 174.6749999999999, 243.525]","[0, 233.74999999999986, 255]",14.40404073730409,"[0, 135.9999999999999, 204.0]","[0, 233.74999999999986, 255]",25.295466866782746,AlertTriangle,CircleCheck,False
Vector,key,required/rest,present / verified,"[94.35000000000001, 178.49999999999997, 186.15]","[0, 233.74999999999986, 255]",13.427931019604726,"[76.5, 169.99999999999994, 178.5]","[0, 233.74999999999986, 255]",15.713085462966294,CircleDot,CircleCheck,False
Vector,key,required/hover,optional-absent / required-missing,"[71.4, 127.49999999999997, 132.6]","[36.975000000000016, 174.6749999999999, 243.525]",21.78575194244601,"[53.55, 95.62499999999997, 99.45]","[0, 135.9999999999999, 204.0]",21.79871330295108,Circle,AlertTriangle,False
Vector,key,required/hover,optional-absent / present,"[71.4, 127.49999999999997, 132.6]","[94.35000000000001, 178.49999999999997, 186.15]",16.28884750990673,"[53.55, 95.62499999999997, 99.45]","[76.5, 169.99999999999994, 178.5]",26.390673594260058,Circle,CircleDot,False
Vector,key,required/hover,optional-absent / verified,"[71.4, 127.49999999999997, 132.6]","[0, 233.74999999999986, 255]",28.837735721157593,"[53.55, 95.62499999999997, 99.45]","[0, 233.74999999999986, 255]",41.48807053321351,Circle,CircleCheck,False
Vector,key,required/hover,required-missing / present,"[36.975000000000016, 174.6749999999999, 243.525]","[94.35000000000001, 178.49999999999997, 186.15]",13.513540821543312,"[0, 135.9999999999999, 204.0]","[76.5, 169.99999999999994, 178.5]",16.175370890491763,AlertTriangle,CircleDot,False
Vector,key,required/hover,required-missing / verified,"[36.975000000000016, 174.6749999999999, 243.525]","[0, 233.74999999999986, 255]",14.40404073730409,"[0, 135.9999999999999, 204.0]","[0, 233.74999999999986, 255]",25.295466866782746,AlertTriangle,CircleCheck,False
Vector,key,required/hover,present / verified,"[94.35000000000001, 178.49999999999997, 186.15]","[0, 233.74999999999986, 255]",13.427931019604726,"[76.5, 169.99999999999994, 178.5]","[0, 233.74999999999986, 255]",15.713085462966294,CircleDot,CircleCheck,False
Vector,key,required/focus,optional-absent / required-missing,"[71.4, 127.49999999999997, 132.6]","[36.975000000000016, 174.6749999999999, 243.525]",21.78575194244601,"[53.55, 95.62499999999997, 99.45]","[0, 135.9999999999999, 204.0]",21.79871330295108,Circle,AlertTriangle,False
Vector,key,required/focus,optional-absent / present,"[71.4, 127.49999999999997, 132.6]","[94.35000000000001, 178.49999999999997, 186.15]",16.28884750990673,"[53.55, 95.62499999999997, 99.45]","[76.5, 169.99999999999994, 178.5]",26.390673594260058,Circle,CircleDot,False
Vector,key,required/focus,optional-absent / verified,"[71.4, 127.49999999999997, 132.6]","[0, 233.74999999999986, 255]",28.837735721157593,"[53.55, 95.62499999999997, 99.45]","[0, 233.74999999999986, 255]",41.48807053321351,Circle,CircleCheck,False
Vector,key,required/focus,required-missing / present,"[36.975000000000016, 174.6749999999999, 243.525]","[94.35000000000001, 178.49999999999997, 186.15]",13.513540821543312,"[0, 135.9999999999999, 204.0]","[76.5, 169.99999999999994, 178.5]",16.175370890491763,AlertTriangle,CircleDot,False
Vector,key,required/focus,required-missing / verified,"[36.975000000000016, 174.6749999999999, 243.525]","[0, 233.74999999999986, 255]",14.40404073730409,"[0, 135.9999999999999, 204.0]","[0, 233.74999999999986, 255]",25.295466866782746,AlertTriangle,CircleCheck,False
Vector,key,required/focus,present / verified,"[94.35000000000001, 178.49999999999997, 186.15]","[0, 233.74999999999986, 255]",13.427931019604726,"[76.5, 169.99999999999994, 178.5]","[0, 233.74999999999986, 255]",15.713085462966294,CircleDot,CircleCheck,False
Vector,key,optional/rest,optional-absent / required-missing,"[38.377500000000005, 68.7225, 71.27250000000001]","[36.975000000000016, 174.6749999999999, 243.525]",41.3508836007381,"[29.452499999999997, 52.78499999999998, 54.6975]","[0, 135.9999999999999, 204.0]",32.61282762915505,Circle,AlertTriangle,False
Vector,key,optional/rest,optional-absent / present,"[38.377500000000005, 68.7225, 71.27250000000001]","[49.852500000000006, 94.22249999999998, 98.0475]",7.90901489803421,"[29.452499999999997, 52.78499999999998, 54.6975]","[40.9275, 89.97249999999997, 94.2225]",11.20519917524077,Circle,CircleDot,True
Vector,key,optional/rest,optional-absent / verified,"[38.377500000000005, 68.7225, 71.27250000000001]","[2.6774999999999998, 121.84749999999993, 132.4725]",16.70177044513478,"[29.452499999999997, 52.78499999999998, 54.6975]","[2.6774999999999998, 121.84749999999993, 132.4725]",21.305693912432318,Circle,CircleCheck,False
Vector,key,optional/rest,required-missing / present,"[36.975000000000016, 174.6749999999999, 243.525]","[49.852500000000006, 94.22249999999998, 98.0475]",33.47067227577112,"[0, 135.9999999999999, 204.0]","[40.9275, 89.97249999999997, 94.2225]",22.857687246613214,AlertTriangle,CircleDot,False
Vector,key,optional/rest,required-missing / verified,"[36.975000000000016, 174.6749999999999, 243.525]","[2.6774999999999998, 121.84749999999993, 132.4725]",22.928891098979445,"[0, 135.9999999999999, 204.0]","[2.6774999999999998, 121.84749999999993, 132.4725]",13.797779302542082,AlertTriangle,CircleCheck,True
Vector,key,optional/rest,present / verified,"[49.852500000000006, 94.22249999999998, 98.0475]","[2.6774999999999998, 121.84749999999993, 132.4725]",9.18874139605276,"[40.9275, 89.97249999999997, 94.2225]","[2.6774999999999998, 121.84749999999993, 132.4725]",10.342645137480662,CircleDot,CircleCheck,True
Vector,key,optional/hover,optional-absent / required-missing,"[71.4, 127.49999999999997, 132.6]","[36.975000000000016, 174.6749999999999, 243.525]",21.78575194244601,"[53.55, 95.62499999999997, 99.45]","[0, 135.9999999999999, 204.0]",21.79871330295108,Circle,AlertTriangle,False
Vector,key,optional/hover,optional-absent / present,"[71.4, 127.49999999999997, 132.6]","[94.35000000000001, 178.49999999999997, 186.15]",16.28884750990673,"[53.55, 95.62499999999997, 99.45]","[76.5, 169.99999999999994, 178.5]",26.390673594260058,Circle,CircleDot,False
Vector,key,optional/hover,optional-absent / verified,"[71.4, 127.49999999999997, 132.6]","[0, 233.74999999999986, 255]",28.837735721157593,"[53.55, 95.62499999999997, 99.45]","[0, 233.74999999999986, 255]",41.48807053321351,Circle,CircleCheck,False
Vector,key,optional/hover,required-missing / present,"[36.975000000000016, 174.6749999999999, 243.525]","[94.35000000000001, 178.49999999999997, 186.15]",13.513540821543312,"[0, 135.9999999999999, 204.0]","[76.5, 169.99999999999994, 178.5]",16.175370890491763,AlertTriangle,CircleDot,False
Vector,key,optional/hover,required-missing / verified,"[36.975000000000016, 174.6749999999999, 243.525]","[0, 233.74999999999986, 255]",14.40404073730409,"[0, 135.9999999999999, 204.0]","[0, 233.74999999999986, 255]",25.295466866782746,AlertTriangle,CircleCheck,False
Vector,key,optional/hover,present / verified,"[94.35000000000001, 178.49999999999997, 186.15]","[0, 233.74999999999986, 255]",13.427931019604726,"[76.5, 169.99999999999994, 178.5]","[0, 233.74999999999986, 255]",15.713085462966294,CircleDot,CircleCheck,False
Vector,key,optional/focus,optional-absent / required-missing,"[71.4, 127.49999999999997, 132.6]","[36.975000000000016, 174.6749999999999, 243.525]",21.78575194244601,"[53.55, 95.62499999999997, 99.45]","[0, 135.9999999999999, 204.0]",21.79871330295108,Circle,AlertTriangle,False
Vector,key,optional/focus,optional-absent / present,"[71.4, 127.49999999999997, 132.6]","[94.35000000000001, 178.49999999999997, 186.15]",16.28884750990673,"[53.55, 95.62499999999997, 99.45]","[76.5, 169.99999999999994, 178.5]",26.390673594260058,Circle,CircleDot,False
Vector,key,optional/focus,optional-absent / verified,"[71.4, 127.49999999999997, 132.6]","[0, 233.74999999999986, 255]",28.837735721157593,"[53.55, 95.62499999999997, 99.45]","[0, 233.74999999999986, 255]",41.48807053321351,Circle,CircleCheck,False
Vector,key,optional/focus,required-missing / present,"[36.975000000000016, 174.6749999999999, 243.525]","[94.35000000000001, 178.49999999999997, 186.15]",13.513540821543312,"[0, 135.9999999999999, 204.0]","[76.5, 169.99999999999994, 178.5]",16.175370890491763,AlertTriangle,CircleDot,False
Vector,key,optional/focus,required-missing / verified,"[36.975000000000016, 174.6749999999999, 243.525]","[0, 233.74999999999986, 255]",14.40404073730409,"[0, 135.9999999999999, 204.0]","[0, 233.74999999999986, 255]",25.295466866782746,AlertTriangle,CircleCheck,False
Vector,key,optional/focus,present / verified,"[94.35000000000001, 178.49999999999997, 186.15]","[0, 233.74999999999986, 255]",13.427931019604726,"[76.5, 169.99999999999994, 178.5]","[0, 233.74999999999986, 255]",15.713085462966294,CircleDot,CircleCheck,False
Vector,map,canvas-sea/fill,rest / current,"[36.975000000000016, 174.6749999999999, 243.525]","[71.39999999999998, 207.4000000000001, 234.60000000000002]",10.395684302399912,"[0, 135.9999999999999, 204.0]","[0, 170.00000000000014, 204.0]",10.766655110054554,filled circle; no ring,filled circle + circular ring,True
Vector,map,canvas-sea/fill,rest / selected,"[36.975000000000016, 174.6749999999999, 243.525]","[0, 233.74999999999986, 255]",14.40404073730409,"[0, 135.9999999999999, 204.0]","[0, 233.74999999999986, 255]",25.295466866782746,filled circle; no ring,filled square + square ring,False
Vector,map,canvas-sea/fill,rest / hovered,"[36.975000000000016, 174.6749999999999, 243.525]","[71.39999999999998, 207.4000000000001, 234.60000000000002]",10.395684302399912,"[0, 135.9999999999999, 204.0]","[15.299999999999999, 117.30000000000008, 137.70000000000002]",12.46475883563715,filled circle; no ring,filled diamond + diamond ring,True
Vector,map,canvas-sea/fill,current / selected,"[71.39999999999998, 207.4000000000001, 234.60000000000002]","[0, 233.74999999999986, 255]",4.965188543168605,"[0, 170.00000000000014, 204.0]","[0, 233.74999999999986, 255]",15.33312030196306,filled circle + circular ring,filled square + square ring,False
Vector,map,canvas-sea/fill,current / hovered,"[71.39999999999998, 207.4000000000001, 234.60000000000002]","[71.39999999999998, 207.4000000000001, 234.60000000000002]",0,"[0, 170.00000000000014, 204.0]","[15.299999999999999, 117.30000000000008, 137.70000000000002]",18.515914489242054,filled circle + circular ring,filled diamond + diamond ring,False
Vector,map,canvas-sea/fill,selected / hovered,"[0, 233.74999999999986, 255]","[71.39999999999998, 207.4000000000001, 234.60000000000002]",4.965188543168605,"[0, 233.74999999999986, 255]","[15.299999999999999, 117.30000000000008, 137.70000000000002]",32.7907370230873,filled square + square ring,filled diamond + diamond ring,False
Vector,map,canvas-sea/ring,rest / current,"[36.975000000000016, 174.6749999999999, 243.525]","[45.69599999999999, 129.74400000000006, 146.06400000000002]",18.930499550985033,"[0, 135.9999999999999, 204.0]","[2.8560000000000003, 107.30400000000007, 127.70400000000001]",14.942219201204104,filled circle; no ring,filled circle + circular ring,True
Vector,map,canvas-sea/ring,rest / selected,"[36.975000000000016, 174.6749999999999, 243.525]","[2.8560000000000003, 145.55399999999992, 158.304]",15.396008028838208,"[0, 135.9999999999999, 204.0]","[2.8560000000000003, 145.55399999999992, 158.304]",10.725268640945693,filled circle; no ring,filled square + square ring,True
Vector,map,canvas-sea/ring,rest / hovered,"[36.975000000000016, 174.6749999999999, 243.525]","[45.69599999999999, 129.74400000000006, 146.06400000000002]",18.930499550985033,"[0, 135.9999999999999, 204.0]","[12.036, 75.68400000000004, 87.92399999999999]",24.576327743184287,filled circle; no ring,filled diamond + diamond ring,False
Vector,map,canvas-sea/ring,current / selected,"[45.69599999999999, 129.74400000000006, 146.06400000000002]","[2.8560000000000003, 145.55399999999992, 158.304]",4.445290058625113,"[2.8560000000000003, 107.30400000000007, 127.70400000000001]","[2.8560000000000003, 145.55399999999992, 158.304]",12.800218219644188,filled circle + circular ring,filled square + square ring,True
Vector,map,canvas-sea/ring,current / hovered,"[45.69599999999999, 129.74400000000006, 146.06400000000002]","[45.69599999999999, 129.74400000000006, 146.06400000000002]",0,"[2.8560000000000003, 107.30400000000007, 127.70400000000001]","[12.036, 75.68400000000004, 87.92399999999999]",10.255860725125089,filled circle + circular ring,filled diamond + diamond ring,True
Vector,map,canvas-sea/ring,selected / hovered,"[2.8560000000000003, 145.55399999999992, 158.304]","[45.69599999999999, 129.74400000000006, 146.06400000000002]",4.445290058625113,"[2.8560000000000003, 145.55399999999992, 158.304]","[12.036, 75.68400000000004, 87.92399999999999]",22.280890198956502,filled square + square ring,filled diamond + diamond ring,False
Vector,map,canvas-land/fill,rest / current,"[36.975000000000016, 174.6749999999999, 243.525]","[71.39999999999998, 207.4000000000001, 234.60000000000002]",10.395684302399912,"[0, 135.9999999999999, 204.0]","[0, 170.00000000000014, 204.0]",10.766655110054554,filled circle; no ring,filled circle + circular ring,True
Vector,map,canvas-land/fill,rest / selected,"[36.975000000000016, 174.6749999999999, 243.525]","[0, 233.74999999999986, 255]",14.40404073730409,"[0, 135.9999999999999, 204.0]","[0, 233.74999999999986, 255]",25.295466866782746,filled circle; no ring,filled square + square ring,False
Vector,map,canvas-land/fill,rest / hovered,"[36.975000000000016, 174.6749999999999, 243.525]","[71.39999999999998, 207.4000000000001, 234.60000000000002]",10.395684302399912,"[0, 135.9999999999999, 204.0]","[15.299999999999999, 117.30000000000008, 137.70000000000002]",12.46475883563715,filled circle; no ring,filled diamond + diamond ring,True
Vector,map,canvas-land/fill,current / selected,"[71.39999999999998, 207.4000000000001, 234.60000000000002]","[0, 233.74999999999986, 255]",4.965188543168605,"[0, 170.00000000000014, 204.0]","[0, 233.74999999999986, 255]",15.33312030196306,filled circle + circular ring,filled square + square ring,False
Vector,map,canvas-land/fill,current / hovered,"[71.39999999999998, 207.4000000000001, 234.60000000000002]","[71.39999999999998, 207.4000000000001, 234.60000000000002]",0,"[0, 170.00000000000014, 204.0]","[15.299999999999999, 117.30000000000008, 137.70000000000002]",18.515914489242054,filled circle + circular ring,filled diamond + diamond ring,False
Vector,map,canvas-land/fill,selected / hovered,"[0, 233.74999999999986, 255]","[71.39999999999998, 207.4000000000001, 234.60000000000002]",4.965188543168605,"[0, 233.74999999999986, 255]","[15.299999999999999, 117.30000000000008, 137.70000000000002]",32.7907370230873,filled square + square ring,filled diamond + diamond ring,False
Vector,map,canvas-land/ring,rest / current,"[36.975000000000016, 174.6749999999999, 243.525]","[45.23903999999999, 143.85536000000002, 161.53536]",14.733918447473032,"[0, 135.9999999999999, 204.0]","[2.39904, 121.41536000000006, 143.17535999999998]",11.2337385791659,filled circle; no ring,filled circle + circular ring,True
Vector,map,canvas-land/ring,rest / selected,"[36.975000000000016, 174.6749999999999, 243.525]","[2.39904, 159.66535999999988, 173.77535999999998]",12.011793394387016,"[0, 135.9999999999999, 204.0]","[2.39904, 159.66535999999988, 173.77535999999998]",11.501627331108317,filled circle; no ring,filled square + square ring,True
Vector,map,canvas-land/ring,rest / hovered,"[36.975000000000016, 174.6749999999999, 243.525]","[45.23903999999999, 143.85536000000002, 161.53536]",14.733918447473032,"[0, 135.9999999999999, 204.0]","[11.579039999999999, 89.79536000000004, 103.39536]",20.71567564084519,filled circle; no ring,filled diamond + diamond ring,False
Vector,map,canvas-land/ring,current / selected,"[45.23903999999999, 143.85536000000002, 161.53536]","[2.39904, 159.66535999999988, 173.77535999999998]",4.220056042499549,"[2.39904, 121.41536000000006, 143.17535999999998]","[2.39904, 159.66535999999988, 173.77535999999998]",12.928976942613831,filled circle + circular ring,filled square + square ring,True
Vector,map,canvas-land/ring,current / hovered,"[45.23903999999999, 143.85536000000002, 161.53536]","[45.23903999999999, 143.85536000000002, 161.53536]",0,"[2.39904, 121.41536000000006, 143.17535999999998]","[11.579039999999999, 89.79536000000004, 103.39536]",10.599936455987908,filled circle + circular ring,filled diamond + diamond ring,True
Vector,map,canvas-land/ring,selected / hovered,"[2.39904, 159.66535999999988, 173.77535999999998]","[45.23903999999999, 143.85536000000002, 161.53536]",4.220056042499549,"[2.39904, 159.66535999999988, 173.77535999999998]","[11.579039999999999, 89.79536000000004, 103.39536]",23.52032063983843,filled square + square ring,filled diamond + diamond ring,False
Vector,map,sidebar-wash-0/rest/fill,rest / current,"[36.975000000000016, 174.6749999999999, 243.525]","[71.39999999999998, 207.4000000000001, 234.60000000000002]",10.395684302399912,"[0, 135.9999999999999, 204.0]","[0, 170.00000000000014, 204.0]",10.766655110054554,filled circle; no ring,filled circle + circular ring,True
Vector,map,sidebar-wash-0/rest/fill,rest / selected,"[36.975000000000016, 174.6749999999999, 243.525]","[0, 233.74999999999986, 255]",14.40404073730409,"[0, 135.9999999999999, 204.0]","[0, 233.74999999999986, 255]",25.295466866782746,filled circle; no ring,filled square + square ring,False
Vector,map,sidebar-wash-0/rest/fill,rest / hovered,"[36.975000000000016, 174.6749999999999, 243.525]","[71.39999999999998, 207.4000000000001, 234.60000000000002]",10.395684302399912,"[0, 135.9999999999999, 204.0]","[15.299999999999999, 117.30000000000008, 137.70000000000002]",12.46475883563715,filled circle; no ring,filled diamond + diamond ring,True
Vector,map,sidebar-wash-0/rest/fill,current / selected,"[71.39999999999998, 207.4000000000001, 234.60000000000002]","[0, 233.74999999999986, 255]",4.965188543168605,"[0, 170.00000000000014, 204.0]","[0, 233.74999999999986, 255]",15.33312030196306,filled circle + circular ring,filled square + square ring,False
Vector,map,sidebar-wash-0/rest/fill,current / hovered,"[71.39999999999998, 207.4000000000001, 234.60000000000002]","[71.39999999999998, 207.4000000000001, 234.60000000000002]",0,"[0, 170.00000000000014, 204.0]","[15.299999999999999, 117.30000000000008, 137.70000000000002]",18.515914489242054,filled circle + circular ring,filled diamond + diamond ring,False
Vector,map,sidebar-wash-0/rest/fill,selected / hovered,"[0, 233.74999999999986, 255]","[71.39999999999998, 207.4000000000001, 234.60000000000002]",4.965188543168605,"[0, 233.74999999999986, 255]","[15.299999999999999, 117.30000000000008, 137.70000000000002]",32.7907370230873,filled square + square ring,filled diamond + diamond ring,False
Vector,map,sidebar-wash-0/rest/ring,rest / current,"[36.975000000000016, 174.6749999999999, 243.525]","[71.39999999999998, 207.4000000000001, 234.60000000000002]",10.395684302399912,"[0, 135.9999999999999, 204.0]","[2.142, 105.97800000000008, 126.378]",15.284640049705944,filled circle; no ring,filled circle + circular ring,False
Vector,map,sidebar-wash-0/rest/ring,rest / selected,"[36.975000000000016, 174.6749999999999, 243.525]","[0, 233.74999999999986, 255]",14.40404073730409,"[0, 135.9999999999999, 204.0]","[1.88496, 154.9706399999999, 168.74063999999998]",11.020413627731111,filled circle; no ring,filled square + square ring,True
Vector,map,sidebar-wash-0/rest/ring,rest / hovered,"[36.975000000000016, 174.6749999999999, 243.525]","[71.39999999999998, 207.4000000000001, 234.60000000000002]",10.395684302399912,"[0, 135.9999999999999, 204.0]","[11.322, 74.35800000000005, 86.598]",24.916400427982772,filled circle; no ring,filled diamond + diamond ring,False
Vector,map,sidebar-wash-0/rest/ring,current / selected,"[71.39999999999998, 207.4000000000001, 234.60000000000002]","[0, 233.74999999999986, 255]",4.965188543168605,"[2.142, 105.97800000000008, 126.378]","[1.88496, 154.9706399999999, 168.74063999999998]",16.664971854533796,filled circle + circular ring,filled square + square ring,False
Vector,map,sidebar-wash-0/rest/ring,current / hovered,"[71.39999999999998, 207.4000000000001, 234.60000000000002]","[71.39999999999998, 207.4000000000001, 234.60000000000002]",0,"[2.142, 105.97800000000008, 126.378]","[11.322, 74.35800000000005, 86.598]",10.227139384751426,filled circle + circular ring,filled diamond + diamond ring,True
Vector,map,sidebar-wash-0/rest/ring,selected / hovered,"[0, 233.74999999999986, 255]","[71.39999999999998, 207.4000000000001, 234.60000000000002]",4.965188543168605,"[1.88496, 154.9706399999999, 168.74063999999998]","[11.322, 74.35800000000005, 86.598]",26.14550848588385,filled square + square ring,filled diamond + diamond ring,False
Vector,map,sidebar-wash-0/hover/fill,rest / current,"[36.975000000000016, 174.6749999999999, 243.525]","[71.39999999999998, 207.4000000000001, 234.60000000000002]",10.395684302399912,"[0, 135.9999999999999, 204.0]","[0, 170.00000000000014, 204.0]",10.766655110054554,filled circle; no ring,filled circle + circular ring,True
Vector,map,sidebar-wash-0/hover/fill,rest / selected,"[36.975000000000016, 174.6749999999999, 243.525]","[0, 233.74999999999986, 255]",14.40404073730409,"[0, 135.9999999999999, 204.0]","[0, 233.74999999999986, 255]",25.295466866782746,filled circle; no ring,filled square + square ring,False
Vector,map,sidebar-wash-0/hover/fill,rest / hovered,"[36.975000000000016, 174.6749999999999, 243.525]","[71.39999999999998, 207.4000000000001, 234.60000000000002]",10.395684302399912,"[0, 135.9999999999999, 204.0]","[15.299999999999999, 117.30000000000008, 137.70000000000002]",12.46475883563715,filled circle; no ring,filled diamond + diamond ring,True
Vector,map,sidebar-wash-0/hover/fill,current / selected,"[71.39999999999998, 207.4000000000001, 234.60000000000002]","[0, 233.74999999999986, 255]",4.965188543168605,"[0, 170.00000000000014, 204.0]","[0, 233.74999999999986, 255]",15.33312030196306,filled circle + circular ring,filled square + square ring,False
Vector,map,sidebar-wash-0/hover/fill,current / hovered,"[71.39999999999998, 207.4000000000001, 234.60000000000002]","[71.39999999999998, 207.4000000000001, 234.60000000000002]",0,"[0, 170.00000000000014, 204.0]","[15.299999999999999, 117.30000000000008, 137.70000000000002]",18.515914489242054,filled circle + circular ring,filled diamond + diamond ring,False
Vector,map,sidebar-wash-0/hover/fill,selected / hovered,"[0, 233.74999999999986, 255]","[71.39999999999998, 207.4000000000001, 234.60000000000002]",4.965188543168605,"[0, 233.74999999999986, 255]","[15.299999999999999, 117.30000000000008, 137.70000000000002]",32.7907370230873,filled square + square ring,filled diamond + diamond ring,False
Vector,map,sidebar-wash-0/hover/ring,rest / current,"[36.975000000000016, 174.6749999999999, 243.525]","[71.39999999999998, 207.4000000000001, 234.60000000000002]",10.395684302399912,"[0, 135.9999999999999, 204.0]","[4.641, 114.10400000000007, 135.09900000000002]",13.112952655644994,filled circle; no ring,filled circle + circular ring,True
Vector,map,sidebar-wash-0/hover/ring,rest / selected,"[36.975000000000016, 174.6749999999999, 243.525]","[0, 233.74999999999986, 255]",14.40404073730409,"[0, 135.9999999999999, 204.0]","[1.88496, 154.9706399999999, 168.74063999999998]",11.020413627731111,filled circle; no ring,filled square + square ring,True
Vector,map,sidebar-wash-0/hover/ring,rest / hovered,"[36.975000000000016, 174.6749999999999, 243.525]","[71.39999999999998, 207.4000000000001, 234.60000000000002]",10.395684302399912,"[0, 135.9999999999999, 204.0]","[13.821, 82.48400000000005, 95.319]",22.72323531107391,filled circle; no ring,filled diamond + diamond ring,False
Vector,map,sidebar-wash-0/hover/ring,current / selected,"[71.39999999999998, 207.4000000000001, 234.60000000000002]","[0, 233.74999999999986, 255]",4.965188543168605,"[4.641, 114.10400000000007, 135.09900000000002]","[1.88496, 154.9706399999999, 168.74063999999998]",13.942622875477882,filled circle + circular ring,filled square + square ring,True
Vector,map,sidebar-wash-0/hover/ring,current / hovered,"[71.39999999999998, 207.4000000000001, 234.60000000000002]","[71.39999999999998, 207.4000000000001, 234.60000000000002]",0,"[4.641, 114.10400000000007, 135.09900000000002]","[13.821, 82.48400000000005, 95.319]",10.404706975461979,filled circle + circular ring,filled diamond + diamond ring,True
Vector,map,sidebar-wash-0/hover/ring,selected / hovered,"[0, 233.74999999999986, 255]","[71.39999999999998, 207.4000000000001, 234.60000000000002]",4.965188543168605,"[1.88496, 154.9706399999999, 168.74063999999998]","[13.821, 82.48400000000005, 95.319]",23.813915762457516,filled square + square ring,filled diamond + diamond ring,False
Vector,map,sidebar-wash-0/selected-current/fill,rest / current,"[36.975000000000016, 174.6749999999999, 243.525]","[71.39999999999998, 207.4000000000001, 234.60000000000002]",10.395684302399912,"[0, 135.9999999999999, 204.0]","[0, 170.00000000000014, 204.0]",10.766655110054554,filled circle; no ring,filled circle + circular ring,True
Vector,map,sidebar-wash-0/selected-current/fill,rest / selected,"[36.975000000000016, 174.6749999999999, 243.525]","[0, 233.74999999999986, 255]",14.40404073730409,"[0, 135.9999999999999, 204.0]","[0, 233.74999999999986, 255]",25.295466866782746,filled circle; no ring,filled square + square ring,False
Vector,map,sidebar-wash-0/selected-current/fill,rest / hovered,"[36.975000000000016, 174.6749999999999, 243.525]","[71.39999999999998, 207.4000000000001, 234.60000000000002]",10.395684302399912,"[0, 135.9999999999999, 204.0]","[15.299999999999999, 117.30000000000008, 137.70000000000002]",12.46475883563715,filled circle; no ring,filled diamond + diamond ring,True
Vector,map,sidebar-wash-0/selected-current/fill,current / selected,"[71.39999999999998, 207.4000000000001, 234.60000000000002]","[0, 233.74999999999986, 255]",4.965188543168605,"[0, 170.00000000000014, 204.0]","[0, 233.74999999999986, 255]",15.33312030196306,filled circle + circular ring,filled square + square ring,False
Vector,map,sidebar-wash-0/selected-current/fill,current / hovered,"[71.39999999999998, 207.4000000000001, 234.60000000000002]","[71.39999999999998, 207.4000000000001, 234.60000000000002]",0,"[0, 170.00000000000014, 204.0]","[15.299999999999999, 117.30000000000008, 137.70000000000002]",18.515914489242054,filled circle + circular ring,filled diamond + diamond ring,False
Vector,map,sidebar-wash-0/selected-current/fill,selected / hovered,"[0, 233.74999999999986, 255]","[71.39999999999998, 207.4000000000001, 234.60000000000002]",4.965188543168605,"[0, 233.74999999999986, 255]","[15.299999999999999, 117.30000000000008, 137.70000000000002]",32.7907370230873,filled square + square ring,filled diamond + diamond ring,False
Vector,map,sidebar-wash-0/selected-current/ring,rest / current,"[36.975000000000016, 174.6749999999999, 243.525]","[71.39999999999998, 207.4000000000001, 234.60000000000002]",10.395684302399912,"[0, 135.9999999999999, 204.0]","[1.88496, 116.72064000000007, 138.14064]",12.393880918884403,filled circle; no ring,filled circle + circular ring,True
Vector,map,sidebar-wash-0/selected-current/ring,rest / selected,"[36.975000000000016, 174.6749999999999, 243.525]","[0, 233.74999999999986, 255]",14.40404073730409,"[0, 135.9999999999999, 204.0]","[1.88496, 154.9706399999999, 168.74063999999998]",11.020413627731111,filled circle; no ring,filled square + square ring,True
Vector,map,sidebar-wash-0/selected-current/ring,rest / hovered,"[36.975000000000016, 174.6749999999999, 243.525]","[71.39999999999998, 207.4000000000001, 234.60000000000002]",10.395684302399912,"[0, 135.9999999999999, 204.0]","[11.322, 74.35800000000005, 86.598]",24.916400427982772,filled circle; no ring,filled diamond + diamond ring,False
Vector,map,sidebar-wash-0/selected-current/ring,current / selected,"[71.39999999999998, 207.4000000000001, 234.60000000000002]","[0, 233.74999999999986, 255]",4.965188543168605,"[1.88496, 116.72064000000007, 138.14064]","[1.88496, 154.9706399999999, 168.74063999999998]",13.07269238013569,filled circle + circular ring,filled square + square ring,True
Vector,map,sidebar-wash-0/selected-current/ring,current / hovered,"[71.39999999999998, 207.4000000000001, 234.60000000000002]","[71.39999999999998, 207.4000000000001, 234.60000000000002]",0,"[1.88496, 116.72064000000007, 138.14064]","[11.322, 74.35800000000005, 86.598]",13.654501042998376,filled circle + circular ring,filled diamond + diamond ring,True
Vector,map,sidebar-wash-0/selected-current/ring,selected / hovered,"[0, 233.74999999999986, 255]","[71.39999999999998, 207.4000000000001, 234.60000000000002]",4.965188543168605,"[1.88496, 154.9706399999999, 168.74063999999998]","[11.322, 74.35800000000005, 86.598]",26.14550848588385,filled square + square ring,filled diamond + diamond ring,False
Vector,map,sidebar-wash-0.07/rest/fill,rest / current,"[36.975000000000016, 174.6749999999999, 243.525]","[71.39999999999998, 207.4000000000001, 234.60000000000002]",10.395684302399912,"[0, 135.9999999999999, 204.0]","[0, 170.00000000000014, 204.0]",10.766655110054554,filled circle; no ring,filled circle + circular ring,True
Vector,map,sidebar-wash-0.07/rest/fill,rest / selected,"[36.975000000000016, 174.6749999999999, 243.525]","[0, 233.74999999999986, 255]",14.40404073730409,"[0, 135.9999999999999, 204.0]","[0, 233.74999999999986, 255]",25.295466866782746,filled circle; no ring,filled square + square ring,False
Vector,map,sidebar-wash-0.07/rest/fill,rest / hovered,"[36.975000000000016, 174.6749999999999, 243.525]","[71.39999999999998, 207.4000000000001, 234.60000000000002]",10.395684302399912,"[0, 135.9999999999999, 204.0]","[15.299999999999999, 117.30000000000008, 137.70000000000002]",12.46475883563715,filled circle; no ring,filled diamond + diamond ring,True
Vector,map,sidebar-wash-0.07/rest/fill,current / selected,"[71.39999999999998, 207.4000000000001, 234.60000000000002]","[0, 233.74999999999986, 255]",4.965188543168605,"[0, 170.00000000000014, 204.0]","[0, 233.74999999999986, 255]",15.33312030196306,filled circle + circular ring,filled square + square ring,False
Vector,map,sidebar-wash-0.07/rest/fill,current / hovered,"[71.39999999999998, 207.4000000000001, 234.60000000000002]","[71.39999999999998, 207.4000000000001, 234.60000000000002]",0,"[0, 170.00000000000014, 204.0]","[15.299999999999999, 117.30000000000008, 137.70000000000002]",18.515914489242054,filled circle + circular ring,filled diamond + diamond ring,False
Vector,map,sidebar-wash-0.07/rest/fill,selected / hovered,"[0, 233.74999999999986, 255]","[71.39999999999998, 207.4000000000001, 234.60000000000002]",4.965188543168605,"[0, 233.74999999999986, 255]","[15.299999999999999, 117.30000000000008, 137.70000000000002]",32.7907370230873,filled square + square ring,filled diamond + diamond ring,False
Vector,map,sidebar-wash-0.07/rest/ring,rest / current,"[36.975000000000016, 174.6749999999999, 243.525]","[71.39999999999998, 207.4000000000001, 234.60000000000002]",10.395684302399912,"[0, 135.9999999999999, 204.0]","[6.418860000000001, 106.98474000000007, 129.47914]",14.625351359602886,filled circle; no ring,filled circle + circular ring,True
Vector,map,sidebar-wash-0.07/rest/ring,rest / selected,"[36.975000000000016, 174.6749999999999, 243.525]","[0, 233.74999999999986, 255]",14.40404073730409,"[0, 135.9999999999999, 204.0]","[5.648596800000003, 155.85657119999988, 171.4696432]",10.749553740218175,filled circle; no ring,filled square + square ring,True
Vector,map,sidebar-wash-0.07/rest/ring,rest / hovered,"[36.975000000000016, 174.6749999999999, 243.525]","[71.39999999999998, 207.4000000000001, 234.60000000000002]",10.395684302399912,"[0, 135.9999999999999, 204.0]","[15.598860000000002, 75.36474000000005, 89.69914000000001]",24.251485619575828,filled circle; no ring,filled diamond + diamond ring,False
Vector,map,sidebar-wash-0.07/rest/ring,current / selected,"[71.39999999999998, 207.4000000000001, 234.60000000000002]","[0, 233.74999999999986, 255]",4.965188543168605,"[6.418860000000001, 106.98474000000007, 129.47914]","[5.648596800000003, 155.85657119999988, 171.4696432]",16.64036321212006,filled circle + circular ring,filled square + square ring,False
Vector,map,sidebar-wash-0.07/rest/ring,current / hovered,"[71.39999999999998, 207.4000000000001, 234.60000000000002]","[71.39999999999998, 207.4000000000001, 234.60000000000002]",0,"[6.418860000000001, 106.98474000000007, 129.47914]","[15.598860000000002, 75.36474000000005, 89.69914000000001]",10.191082279599211,filled circle + circular ring,filled diamond + diamond ring,True
Vector,map,sidebar-wash-0.07/rest/ring,selected / hovered,"[0, 233.74999999999986, 255]","[71.39999999999998, 207.4000000000001, 234.60000000000002]",4.965188543168605,"[5.648596800000003, 155.85657119999988, 171.4696432]","[15.598860000000002, 75.36474000000005, 89.69914000000001]",26.139050345874058,filled square + square ring,filled diamond + diamond ring,False
Vector,map,sidebar-wash-0.07/hover/fill,rest / current,"[36.975000000000016, 174.6749999999999, 243.525]","[71.39999999999998, 207.4000000000001, 234.60000000000002]",10.395684302399912,"[0, 135.9999999999999, 204.0]","[0, 170.00000000000014, 204.0]",10.766655110054554,filled circle; no ring,filled circle + circular ring,True
Vector,map,sidebar-wash-0.07/hover/fill,rest / selected,"[36.975000000000016, 174.6749999999999, 243.525]","[0, 233.74999999999986, 255]",14.40404073730409,"[0, 135.9999999999999, 204.0]","[0, 233.74999999999986, 255]",25.295466866782746,filled circle; no ring,filled square + square ring,False
Vector,map,sidebar-wash-0.07/hover/fill,rest / hovered,"[36.975000000000016, 174.6749999999999, 243.525]","[71.39999999999998, 207.4000000000001, 234.60000000000002]",10.395684302399912,"[0, 135.9999999999999, 204.0]","[15.299999999999999, 117.30000000000008, 137.70000000000002]",12.46475883563715,filled circle; no ring,filled diamond + diamond ring,True
Vector,map,sidebar-wash-0.07/hover/fill,current / selected,"[71.39999999999998, 207.4000000000001, 234.60000000000002]","[0, 233.74999999999986, 255]",4.965188543168605,"[0, 170.00000000000014, 204.0]","[0, 233.74999999999986, 255]",15.33312030196306,filled circle + circular ring,filled square + square ring,False
Vector,map,sidebar-wash-0.07/hover/fill,current / hovered,"[71.39999999999998, 207.4000000000001, 234.60000000000002]","[71.39999999999998, 207.4000000000001, 234.60000000000002]",0,"[0, 170.00000000000014, 204.0]","[15.299999999999999, 117.30000000000008, 137.70000000000002]",18.515914489242054,filled circle + circular ring,filled diamond + diamond ring,False
Vector,map,sidebar-wash-0.07/hover/fill,selected / hovered,"[0, 233.74999999999986, 255]","[71.39999999999998, 207.4000000000001, 234.60000000000002]",4.965188543168605,"[0, 233.74999999999986, 255]","[15.299999999999999, 117.30000000000008, 137.70000000000002]",32.7907370230873,filled square + square ring,filled diamond + diamond ring,False
Vector,map,sidebar-wash-0.07/hover/ring,rest / current,"[36.975000000000016, 174.6749999999999, 243.525]","[71.39999999999998, 207.4000000000001, 234.60000000000002]",10.395684302399912,"[0, 135.9999999999999, 204.0]","[6.779430000000001, 114.60737000000007, 136.64957]",12.77576128492695,filled circle; no ring,filled circle + circular ring,True
Vector,map,sidebar-wash-0.07/hover/ring,rest / selected,"[36.975000000000016, 174.6749999999999, 243.525]","[0, 233.74999999999986, 255]",14.40404073730409,"[0, 135.9999999999999, 204.0]","[5.648596800000003, 155.85657119999988, 171.4696432]",10.749553740218175,filled circle; no ring,filled square + square ring,True
Vector,map,sidebar-wash-0.07/hover/ring,rest / hovered,"[36.975000000000016, 174.6749999999999, 243.525]","[71.39999999999998, 207.4000000000001, 234.60000000000002]",10.395684302399912,"[0, 135.9999999999999, 204.0]","[15.959430000000001, 82.98737000000004, 96.86957000000001]",22.385098845782764,filled circle; no ring,filled diamond + diamond ring,False
Vector,map,sidebar-wash-0.07/hover/ring,current / selected,"[71.39999999999998, 207.4000000000001, 234.60000000000002]","[0, 233.74999999999986, 255]",4.965188543168605,"[6.779430000000001, 114.60737000000007, 136.64957]","[5.648596800000003, 155.85657119999988, 171.4696432]",14.092960406991288,filled circle + circular ring,filled square + square ring,True
Vector,map,sidebar-wash-0.07/hover/ring,current / hovered,"[71.39999999999998, 207.4000000000001, 234.60000000000002]","[71.39999999999998, 207.4000000000001, 234.60000000000002]",0,"[6.779430000000001, 114.60737000000007, 136.64957]","[15.959430000000001, 82.98737000000004, 96.86957000000001]",10.39004184224066,filled circle + circular ring,filled diamond + diamond ring,True
Vector,map,sidebar-wash-0.07/hover/ring,selected / hovered,"[0, 233.74999999999986, 255]","[71.39999999999998, 207.4000000000001, 234.60000000000002]",4.965188543168605,"[5.648596800000003, 155.85657119999988, 171.4696432]","[15.959430000000001, 82.98737000000004, 96.86957000000001]",24.050257546660937,filled square + square ring,filled diamond + diamond ring,False
Vector,map,sidebar-wash-0.07/selected-current/fill,rest / current,"[36.975000000000016, 174.6749999999999, 243.525]","[71.39999999999998, 207.4000000000001, 234.60000000000002]",10.395684302399912,"[0, 135.9999999999999, 204.0]","[0, 170.00000000000014, 204.0]",10.766655110054554,filled circle; no ring,filled circle + circular ring,True
Vector,map,sidebar-wash-0.07/selected-current/fill,rest / selected,"[36.975000000000016, 174.6749999999999, 243.525]","[0, 233.74999999999986, 255]",14.40404073730409,"[0, 135.9999999999999, 204.0]","[0, 233.74999999999986, 255]",25.295466866782746,filled circle; no ring,filled square + square ring,False
Vector,map,sidebar-wash-0.07/selected-current/fill,rest / hovered,"[36.975000000000016, 174.6749999999999, 243.525]","[71.39999999999998, 207.4000000000001, 234.60000000000002]",10.395684302399912,"[0, 135.9999999999999, 204.0]","[15.299999999999999, 117.30000000000008, 137.70000000000002]",12.46475883563715,filled circle; no ring,filled diamond + diamond ring,True
Vector,map,sidebar-wash-0.07/selected-current/fill,current / selected,"[71.39999999999998, 207.4000000000001, 234.60000000000002]","[0, 233.74999999999986, 255]",4.965188543168605,"[0, 170.00000000000014, 204.0]","[0, 233.74999999999986, 255]",15.33312030196306,filled circle + circular ring,filled square + square ring,False
Vector,map,sidebar-wash-0.07/selected-current/fill,current / hovered,"[71.39999999999998, 207.4000000000001, 234.60000000000002]","[71.39999999999998, 207.4000000000001, 234.60000000000002]",0,"[0, 170.00000000000014, 204.0]","[15.299999999999999, 117.30000000000008, 137.70000000000002]",18.515914489242054,filled circle + circular ring,filled diamond + diamond ring,False
Vector,map,sidebar-wash-0.07/selected-current/fill,selected / hovered,"[0, 233.74999999999986, 255]","[71.39999999999998, 207.4000000000001, 234.60000000000002]",4.965188543168605,"[0, 233.74999999999986, 255]","[15.299999999999999, 117.30000000000008, 137.70000000000002]",32.7907370230873,filled square + square ring,filled diamond + diamond ring,False
Vector,map,sidebar-wash-0.07/selected-current/ring,rest / current,"[36.975000000000016, 174.6749999999999, 243.525]","[71.39999999999998, 207.4000000000001, 234.60000000000002]",10.395684302399912,"[0, 135.9999999999999, 204.0]","[5.648596800000003, 117.60657120000006, 140.86964319999998]",11.801343386414962,filled circle; no ring,filled circle + circular ring,True
Vector,map,sidebar-wash-0.07/selected-current/ring,rest / selected,"[36.975000000000016, 174.6749999999999, 243.525]","[0, 233.74999999999986, 255]",14.40404073730409,"[0, 135.9999999999999, 204.0]","[5.648596800000003, 155.85657119999988, 171.4696432]",10.749553740218175,filled circle; no ring,filled square + square ring,True
Vector,map,sidebar-wash-0.07/selected-current/ring,rest / hovered,"[36.975000000000016, 174.6749999999999, 243.525]","[71.39999999999998, 207.4000000000001, 234.60000000000002]",10.395684302399912,"[0, 135.9999999999999, 204.0]","[15.598860000000002, 75.36474000000005, 89.69914000000001]",24.251485619575828,filled circle; no ring,filled diamond + diamond ring,False
Vector,map,sidebar-wash-0.07/selected-current/ring,current / selected,"[71.39999999999998, 207.4000000000001, 234.60000000000002]","[0, 233.74999999999986, 255]",4.965188543168605,"[5.648596800000003, 117.60657120000006, 140.86964319999998]","[5.648596800000003, 155.85657119999988, 171.4696432]",13.038078744521949,filled circle + circular ring,filled square + square ring,True
Vector,map,sidebar-wash-0.07/selected-current/ring,current / hovered,"[71.39999999999998, 207.4000000000001, 234.60000000000002]","[71.39999999999998, 207.4000000000001, 234.60000000000002]",0,"[5.648596800000003, 117.60657120000006, 140.86964319999998]","[15.598860000000002, 75.36474000000005, 89.69914000000001]",13.559758990404873,filled circle + circular ring,filled diamond + diamond ring,True
Vector,map,sidebar-wash-0.07/selected-current/ring,selected / hovered,"[0, 233.74999999999986, 255]","[71.39999999999998, 207.4000000000001, 234.60000000000002]",4.965188543168605,"[5.648596800000003, 155.85657119999988, 171.4696432]","[15.598860000000002, 75.36474000000005, 89.69914000000001]",26.139050345874058,filled square + square ring,filled diamond + diamond ring,False
