{
  "precision": {
    "character": 0.6610169491525424,
    "location": 1.0,
    "event": 0.5333333333333333,
    "relationship": 1.0,
    "theme": 0.0,
    "general": 0.3333333333333333
  },
  "recall": {
    "character": 0.75,
    "location": 0.4166666666666667,
    "event": 0.4444444444444444,
    "relationship": 0.24,
    "theme": 0.0,
    "general": 0.8333333333333334
  },
  "f1": {
    "character": 0.7027027027027027,
    "location": 0.5882352941176471,
    "event": 0.48484848484848486,
    "relationship": 0.3870967741935484,
    "theme": 0.0,
    "general": 0.47619047619047616
  },
  "confusion_matrix": [
    [
      39,
      0,
      2,
      0,
      0,
      11
    ],
    [
      0,
      5,
      0,
      0,
      0,
      7
    ],
    [
      3,
      0,
      8,
      0,
      0,
      7
    ],
    [
      15,
      0,
      4,
      6,
      0,
      0
    ],
    [
      0,
      0,
      0,
      0,
      0,
      5
    ],
    [
      2,
      0,
      1,
      0,
      0,
      15
    ]
  ],
  "all_meet_threshold": false,
  "threshold": 0.9
}